EA_number,acidlevel,base_sat_desired,soil_depth,constant,metric_ton,acre_to_hectare,conv_to_3_mt_avg,lime_to_6_5
7,Moderate_Acid,0.049,0.983,0.5,0.907,2.47,5.02,0.2479006
14,Neutral,,,,,,,
21,Neutral,,,,,,,
28,Neutral,,,,,,,
35,Neutral,,,,,,,
42,Neutral,,,,,,,
49,Neutral,,,,,,,
56,Neutral,,,,,,,
63,Neutral,,,,,,,
70,Moderate_Acid,0.049,0.983,0.5,0.907,2.47,5.02,0.2307503
77,Neutral,,,,,,,
84,Neutral,,,,,,,
91,Neutral,,,,,,,
98,Neutral,,,,,,,
105,Neutral,,,,,,,
112,Neutral,,,,,,,
119,Neutral,,,,,,,
126,Neutral,,,,,,,
133,Neutral,,,,,,,
140,Neutral,,,,,,,
147,Neutral,,,,,,,
154,Neutral,,,,,,,
161,Neutral,,,,,,,
168,Moderate_Acid,0.108,0.983,0.5,0.907,2.47,5.02,0.5115637
175,Neutral,,,,,,,
182,Neutral,,,,,,,
189,Neutral,,,,,,,
196,Neutral,,,,,,,
203,Neutral,,,,,,,
210,Neutral,,,,,,,
217,Neutral,,,,,,,
224,Neutral,,,,,,,
231,Neutral,,,,,,,
238,Neutral,,,,,,,
245,Neutral,,,,,,,
252,Neutral,,,,,,,
259,Neutral,,,,,,,
266,Neutral,,,,,,,
273,Neutral,,,,,,,
280,Neutral,,,,,,,
287,Neutral,,,,,,,
294,Neutral,,,,,,,
301,Neutral,,,,,,,
308,Neutral,,,,,,,
315,Neutral,,,,,,,
322,Neutral,,,,,,,
329,Neutral,,,,,,,
336,Neutral,,,,,,,
343,Neutral,,,,,,,
350,Neutral,,,,,,,
357,Neutral,,,,,,,
364,Neutral,,,,,,,
371,Neutral,,,,,,,
378,Neutral,,,,,,,
385,Moderate_Acid,0,0.983,0.5,0.907,2.47,5.02,0
392,Neutral,,,,,,,
399,Neutral,,,,,,,
406,Neutral,,,,,,,
413,Neutral,,,,,,,
420,Neutral,,,,,,,
427,Neutral,,,,,,,
434,Moderate_Alkaline,,,,,,,
441,Neutral,,,,,,,
448,Neutral,,,,,,,
455,Moderate_Alkaline,,,,,,,
462,Neutral,,,,,,,
469,Neutral,,,,,,,
476,Moderate_Acid,0.049,0.983,0.5,0.907,2.47,5.02,0.2194345
483,Neutral,,,,,,,
490,Neutral,,,,,,,
497,Neutral,,,,,,,
504,Neutral,,,,,,,
511,Neutral,,,,,,,
518,Moderate_Acid,0,0.983,0.5,0.907,2.47,5.02,0
525,Neutral,,,,,,,
532,Moderate_Acid,0,0.983,0.5,0.907,2.47,5.02,0
539,Neutral,,,,,,,
546,Neutral,,,,,,,
553,Neutral,,,,,,,
560,Neutral,,,,,,,
567,Neutral,,,,,,,
574,Neutral,,,,,,,
581,Moderate_Acid,0,0.983,0.5,0.907,2.47,5.02,0
588,Neutral,,,,,,,
595,Neutral,,,,,,,
602,Moderate_Alkaline,,,,,,,
609,Neutral,,,,,,,
616,Neutral,,,,,,,
623,Moderate_Alkaline,,,,,,,
630,Neutral,,,,,,,
637,Moderate_Acid,0,0.983,0.5,0.907,2.47,5.02,0
644,Neutral,,,,,,,
651,Neutral,,,,,,,
658,Neutral,,,,,,,
665,Neutral,,,,,,,
672,Neutral,,,,,,,
679,Neutral,,,,,,,
686,Neutral,,,,,,,
693,Neutral,,,,,,,
700,Moderate_Alkaline,,,,,,,
707,Neutral,,,,,,,
714,Moderate_Alkaline,,,,,,,
721,Moderate_Alkaline,,,,,,,
728,Moderate_Alkaline,,,,,,,
735,Moderate_Alkaline,,,,,,,
742,Moderate_Alkaline,,,,,,,
749,Neutral,,,,,,,
756,Moderate_Alkaline,,,,,,,
763,Neutral,,,,,,,
770,Neutral,,,,,,,
777,Neutral,,,,,,,
784,Neutral,,,,,,,
791,Neutral,,,,,,,
798,Neutral,,,,,,,
805,Neutral,,,,,,,
812,Neutral,,,,,,,
819,Neutral,,,,,,,
826,Neutral,,,,,,,
833,Neutral,,,,,,,
840,Moderate_Alkaline,,,,,,,
847,Neutral,,,,,,,
854,Neutral,,,,,,,
861,Strong_Acid,0.65,0.983,0.5,0.907,2.47,5.02,5.080353
868,Neutral,,,,,,,
875,Neutral,,,,,,,
882,Neutral,,,,,,,
889,Moderate_Alkaline,,,,,,,
896,Neutral,,,,,,,
903,Neutral,,,,,,,
910,Moderate_Acid,0,0.983,0.5,0.907,2.47,5.02,0
917,Moderate_Acid,0.159,0.983,0.5,0.907,2.47,5.02,1.432804
924,Neutral,,,,,,,
931,Moderate_Acid,0,0.983,0.5,0.907,2.47,5.02,0
938,Neutral,,,,,,,
945,Moderate_Acid,0.108,0.983,0.5,0.907,2.47,5.02,0.9626868
952,Moderate_Acid,0.205,0.983,0.5,0.907,2.47,5.02,1.877637
959,Moderate_Acid,0.108,0.983,0.5,0.907,2.47,5.02,1.092225
966,Moderate_Acid,0.205,0.983,0.5,0.907,2.47,5.02,2.519745
973,Moderate_Acid,0.108,0.983,0.5,0.907,2.47,5.02,0.9537636
980,Moderate_Acid,0.108,0.983,0.5,0.907,2.47,5.02,1.168695
987,Moderate_Acid,0.205,0.983,0.5,0.907,2.47,5.02,1.83476
994,Moderate_Acid,0.159,0.983,0.5,0.907,2.47,5.02,1.678286
1001,Moderate_Acid,0,0.983,0.5,0.907,2.47,5.02,0
1008,Neutral,,,,,,,
1015,Moderate_Acid,0.049,0.983,0.5,0.907,2.47,5.02,0.4365534
1022,Moderate_Acid,0.049,0.983,0.5,0.907,2.47,5.02,0.5405449
1029,Moderate_Acid,0.237,0.983,0.5,0.907,2.47,5.02,1.980211
1036,Moderate_Acid,0.049,0.983,0.5,0.907,2.47,5.02,0.5193006
1043,Moderate_Acid,0.108,0.983,0.5,0.907,2.47,5.02,0.9871564
1050,Moderate_Acid,0.205,0.983,0.5,0.907,2.47,5.02,1.854766
1057,Moderate_Acid,0.049,0.983,0.5,0.907,2.47,5.02,0.4640978
1064,Moderate_Acid,0.049,0.983,0.5,0.907,2.47,5.02,0.4946128
1071,Neutral,,,,,,,
1078,Neutral,,,,,,,
1085,Neutral,,,,,,,
1092,Neutral,,,,,,,
1099,Moderate_Acid,0.108,0.983,0.5,0.907,2.47,5.02,1.03162
1106,Moderate_Acid,0.159,0.983,0.5,0.907,2.47,5.02,1.515943
1113,Neutral,,,,,,,
1120,Moderate_Acid,0,0.983,0.5,0.907,2.47,5.02,0
1127,Neutral,,,,,,,
1134,Neutral,,,,,,,
1141,Moderate_Acid,0.159,0.983,0.5,0.907,2.47,5.02,1.691492
1148,Neutral,,,,,,,
1155,Moderate_Acid,0,0.983,0.5,0.907,2.47,5.02,0
1162,Neutral,,,,,,,
1169,Neutral,,,,,,,
1176,Neutral,,,,,,,
1183,Neutral,,,,,,,
1190,Moderate_Acid,0.049,0.983,0.5,0.907,2.47,5.02,0.456676
1197,Neutral,,,,,,,
1204,Moderate_Acid,0.159,0.983,0.5,0.907,2.47,5.02,1.484965
1211,Neutral,,,,,,,
1218,Neutral,,,,,,,
1225,Moderate_Alkaline,,,,,,,
1232,Neutral,,,,,,,
1239,Neutral,,,,,,,
1246,Moderate_Acid,0.159,0.983,0.5,0.907,2.47,5.02,1.669108
1253,Moderate_Acid,0.159,0.983,0.5,0.907,2.47,5.02,1.697839
1260,Neutral,,,,,,,
1267,Neutral,,,,,,,
1274,Neutral,,,,,,,
1281,Moderate_Acid,0.159,0.983,0.5,0.907,2.47,5.02,1.362432
1288,Neutral,,,,,,,
1295,Neutral,,,,,,,
1302,Moderate_Acid,0.275,0.983,0.5,0.907,2.47,5.02,1.778449
1309,Moderate_Acid,0.237,0.983,0.5,0.907,2.47,5.02,1.919029
1316,Moderate_Acid,0.275,0.983,0.5,0.907,2.47,5.02,2.163957
1323,Moderate_Acid,0.205,0.983,0.5,0.907,2.47,5.02,1.765468
1330,Neutral,,,,,,,
1337,Neutral,,,,,,,
1344,Neutral,,,,,,,
1351,Neutral,,,,,,,
1358,Neutral,,,,,,,
1365,Moderate_Acid,0.049,0.983,0.5,0.907,2.47,5.02,0.4708034
1372,Moderate_Acid,0.159,0.983,0.5,0.907,2.47,5.02,1.595626
1379,Neutral,,,,,,,
1386,Neutral,,,,,,,
1393,Neutral,,,,,,,
1400,Neutral,,,,,,,
1407,Neutral,,,,,,,
1414,Neutral,,,,,,,
1421,Neutral,,,,,,,
1428,Moderate_Acid,0.205,0.983,0.5,0.907,2.47,5.02,1.840029
1435,Neutral,,,,,,,
1442,Neutral,,,,,,,
1449,Moderate_Alkaline,,,,,,,
1456,Neutral,,,,,,,
1463,Moderate_Acid,0,0.983,0.5,0.907,2.47,5.02,0
1470,Moderate_Acid,0.108,0.983,0.5,0.907,2.47,5.02,1.024552
1477,Neutral,,,,,,,
1484,Neutral,,,,,,,
1491,Moderate_Acid,0.159,0.983,0.5,0.907,2.47,5.02,1.402414
1498,Moderate_Acid,0.049,0.983,0.5,0.907,2.47,5.02,0.4893153
1505,Moderate_Acid,0.275,0.983,0.5,0.907,2.47,5.02,2.310526
1512,Moderate_Acid,0.049,0.983,0.5,0.907,2.47,5.02,0.4842867
1519,Neutral,,,,,,,
1526,Moderate_Acid,0.159,0.983,0.5,0.907,2.47,5.02,1.388892
1533,Neutral,,,,,,,
1540,Moderate_Acid,0,0.983,0.5,0.907,2.47,5.02,0
1547,Neutral,,,,,,,
1554,Neutral,,,,,,,
1561,Neutral,,,,,,,
1568,Neutral,,,,,,,
1575,Neutral,,,,,,,
1582,Moderate_Alkaline,,,,,,,
1589,Moderate_Alkaline,,,,,,,
1596,Neutral,,,,,,,
1603,Neutral,,,,,,,
1610,Moderate_Acid,0.108,0.983,0.5,0.907,2.47,5.02,0.9337438
1617,Moderate_Acid,0.205,0.983,0.5,0.907,2.47,5.02,1.753526
1624,Moderate_Acid,0,0.983,0.5,0.907,2.47,5.02,0
1631,Neutral,,,,,,,
1638,Neutral,,,,,,,
1645,Neutral,,,,,,,
1652,Moderate_Acid,0.108,0.983,0.5,0.907,2.47,5.02,1.093081
1659,Neutral,,,,,,,
1666,Neutral,,,,,,,
1673,Neutral,,,,,,,
1680,Neutral,,,,,,,
1687,Neutral,,,,,,,
1694,Neutral,,,,,,,
1701,Neutral,,,,,,,
1708,Moderate_Alkaline,,,,,,,
1715,Neutral,,,,,,,
1722,Neutral,,,,,,,
1729,Neutral,,,,,,,
1736,Neutral,,,,,,,
1743,Moderate_Alkaline,,,,,,,
1750,Moderate_Acid,0.108,0.983,0.5,0.907,2.47,5.02,1.048013
1757,Neutral,,,,,,,
1764,Neutral,,,,,,,
1771,Neutral,,,,,,,
1778,Neutral,,,,,,,
1785,Moderate_Acid,0.108,0.983,0.5,0.907,2.47,5.02,0.8954591
1792,Moderate_Alkaline,,,,,,,
1799,Neutral,,,,,,,
1806,Neutral,,,,,,,
1813,Neutral,,,,,,,
1820,Neutral,,,,,,,
1827,Neutral,,,,,,,
1834,Neutral,,,,,,,
1841,Neutral,,,,,,,
1848,Moderate_Acid,0.108,0.983,0.5,0.907,2.47,5.02,1.002148
1855,Moderate_Acid,0,0.983,0.5,0.907,2.47,5.02,0
1862,Neutral,,,,,,,
1869,Neutral,,,,,,,
1876,Moderate_Acid,0.108,0.983,0.5,0.907,2.47,5.02,0.980992
1883,Neutral,,,,,,,
1890,Neutral,,,,,,,
1897,Neutral,,,,,,,
1904,Neutral,,,,,,,
1911,Neutral,,,,,,,
1918,Moderate_Alkaline,,,,,,,
1925,Moderate_Alkaline,,,,,,,
1932,Neutral,,,,,,,
1939,Moderate_Alkaline,,,,,,,
1946,Neutral,,,,,,,
1953,Moderate_Acid,0,0.983,0.5,0.907,2.47,5.02,0
1960,Neutral,,,,,,,
1967,Neutral,,,,,,,
1974,Neutral,,,,,,,
1981,Neutral,,,,,,,
1988,Neutral,,,,,,,
1995,Moderate_Acid,0.108,0.983,0.5,0.907,2.47,5.02,0.9417012
2002,Neutral,,,,,,,
2009,Moderate_Acid,0.108,0.983,0.5,0.907,2.47,5.02,1.016975
2016,Moderate_Acid,0.108,0.983,0.5,0.907,2.47,5.02,1.077055
2023,Moderate_Acid,0.108,0.983,0.5,0.907,2.47,5.02,0.9994347
2030,Neutral,,,,,,,
2037,Neutral,,,,,,,
2044,Neutral,,,,,,,
2051,Neutral,,,,,,,
2058,Neutral,,,,,,,
2065,Neutral,,,,,,,
2072,Neutral,,,,,,,
2079,Neutral,,,,,,,
2086,Neutral,,,,,,,
2093,Neutral,,,,,,,
2100,Neutral,,,,,,,
2107,Neutral,,,,,,,
2114,Neutral,,,,,,,
2121,Neutral,,,,,,,
2128,Neutral,,,,,,,
2135,Moderate_Acid,0,0.983,0.5,0.907,2.47,5.02,0
2142,Neutral,,,,,,,
2149,Moderate_Acid,0.049,0.983,0.5,0.907,2.47,5.02,0.4794018
2156,Moderate_Acid,0.049,0.983,0.5,0.907,2.47,5.02,0.440624
2163,Neutral,,,,,,,
2170,Moderate_Acid,0,0.983,0.5,0.907,2.47,5.02,0
2177,Neutral,,,,,,,
2184,Moderate_Acid,0.108,0.983,0.5,0.907,2.47,5.02,1.055064
2191,Neutral,,,,,,,
2198,Moderate_Acid,0.108,0.983,0.5,0.907,2.47,5.02,1.059761
2205,Neutral,,,,,,,
2212,Neutral,,,,,,,
2219,Neutral,,,,,,,
2226,Neutral,,,,,,,
2233,Neutral,,,,,,,
2240,Neutral,,,,,,,
2247,Neutral,,,,,,,
2254,Moderate_Alkaline,,,,,,,
2261,Neutral,,,,,,,
2268,Neutral,,,,,,,
2275,Neutral,,,,,,,
2282,Neutral,,,,,,,
2289,Moderate_Acid,0.159,0.983,0.5,0.907,2.47,5.02,1.44861
2296,Neutral,,,,,,,
2303,Neutral,,,,,,,
2310,Neutral,,,,,,,
2317,Neutral,,,,,,,
2324,Neutral,,,,,,,
2331,Neutral,,,,,,,
2338,Neutral,,,,,,,
2345,Neutral,,,,,,,
2352,Neutral,,,,,,,
2359,Neutral,,,,,,,
2366,Moderate_Acid,0,0.983,0.5,0.907,2.47,5.02,0
2373,Neutral,,,,,,,
2380,Neutral,,,,,,,
2387,Neutral,,,,,,,
2394,Neutral,,,,,,,
2401,Neutral,,,,,,,
2408,Neutral,,,,,,,
2415,Neutral,,,,,,,
2422,Neutral,,,,,,,
2429,Neutral,,,,,,,
2436,Moderate_Acid,0,0.983,0.5,0.907,2.47,5.02,0
2443,Neutral,,,,,,,
2450,Neutral,,,,,,,
2457,Moderate_Alkaline,,,,,,,
2464,Neutral,,,,,,,
2471,Moderate_Alkaline,,,,,,,
2478,Neutral,,,,,,,
2485,Moderate_Acid,0.205,0.983,0.5,0.907,2.47,5.02,1.842274
2492,Neutral,,,,,,,
2499,Neutral,,,,,,,
2506,Neutral,,,,,,,
2513,Neutral,,,,,,,
2520,Neutral,,,,,,,
2527,Neutral,,,,,,,
2534,Neutral,,,,,,,
2541,Neutral,,,,,,,
2548,Moderate_Acid,0.049,0.983,0.5,0.907,2.47,5.02,0.4849633
2555,Neutral,,,,,,,
2562,Neutral,,,,,,,
2569,Moderate_Acid,0,0.983,0.5,0.907,2.47,5.02,0
2576,Strong_Acid,0.442,0.983,0.5,0.907,2.47,5.02,3.250017
2583,Neutral,,,,,,,
2590,Neutral,,,,,,,
2597,Neutral,,,,,,,
2604,Moderate_Acid,0,0.983,0.5,0.907,2.47,5.02,0
2611,Neutral,,,,,,,
2618,Moderate_Acid,0.237,0.983,0.5,0.907,2.47,5.02,2.193853
2625,Moderate_Acid,0,0.983,0.5,0.907,2.47,5.02,0
2632,Moderate_Acid,0,0.983,0.5,0.907,2.47,5.02,0
2639,Neutral,,,,,,,
2646,Moderate_Acid,0.108,0.983,0.5,0.907,2.47,5.02,1.030893
2653,Neutral,,,,,,,
2660,Neutral,,,,,,,
2667,Neutral,,,,,,,
2674,Moderate_Acid,0.159,0.983,0.5,0.907,2.47,5.02,1.616731
2681,Neutral,,,,,,,
2688,Neutral,,,,,,,
2695,Neutral,,,,,,,
2702,Neutral,,,,,,,
2709,Moderate_Acid,0.326,0.983,0.5,0.907,2.47,5.02,2.891391
2716,Moderate_Acid,0.159,0.983,0.5,0.907,2.47,5.02,1.543855
2723,Neutral,,,,,,,
2730,Moderate_Acid,0.442,0.983,0.5,0.907,2.47,5.02,3.702092
2737,Moderate_Acid,0.205,0.983,0.5,0.907,2.47,5.02,1.977382
2744,Moderate_Acid,0.326,0.983,0.5,0.907,2.47,5.02,2.720903
2751,Moderate_Acid,0.326,0.983,0.5,0.907,2.47,5.02,2.86986
2758,Moderate_Acid,0.237,0.983,0.5,0.907,2.47,5.02,2.244145
2765,Moderate_Acid,0.159,0.983,0.5,0.907,2.47,5.02,1.447925
2772,Moderate_Acid,0.237,0.983,0.5,0.907,2.47,5.02,1.628842
2779,Moderate_Acid,0.326,0.983,0.5,0.907,2.47,5.02,2.574211
2786,Moderate_Acid,0.275,0.983,0.5,0.907,2.47,5.02,1.93662
2793,Moderate_Acid,0.049,0.983,0.5,0.907,2.47,5.02,0.4928188
2800,Neutral,,,,,,,
2807,Neutral,,,,,,,
2814,Neutral,,,,,,,
2821,Moderate_Acid,0,0.983,0.5,0.907,2.47,5.02,0
2828,Neutral,,,,,,,
2835,Moderate_Acid,0.37,0.983,0.5,0.907,2.47,5.02,3.044709
2842,Moderate_Acid,0.326,0.983,0.5,0.907,2.47,5.02,2.989839
2849,Moderate_Acid,0.275,0.983,0.5,0.907,2.47,5.02,2.504017
2856,Moderate_Acid,0.049,0.983,0.5,0.907,2.47,5.02,0.4842583
2863,Neutral,,,,,,,
2870,Moderate_Acid,0.159,0.983,0.5,0.907,2.47,5.02,1.502603
2877,Moderate_Acid,0.159,0.983,0.5,0.907,2.47,5.02,1.664109
2884,Neutral,,,,,,,
2891,Moderate_Acid,0.237,0.983,0.5,0.907,2.47,5.02,2.587743
2898,Neutral,,,,,,,
2905,Moderate_Acid,0,0.983,0.5,0.907,2.47,5.02,0
2912,Moderate_Acid,0.049,0.983,0.5,0.907,2.47,5.02,0.5327165
2919,Neutral,,,,,,,
2926,Neutral,,,,,,,
2933,Neutral,,,,,,,
2940,Moderate_Acid,0.108,0.983,0.5,0.907,2.47,5.02,1.103852
2947,Neutral,,,,,,,
2954,Moderate_Acid,0,0.983,0.5,0.907,2.47,5.02,0
2961,Neutral,,,,,,,
2968,Moderate_Acid,0.37,0.983,0.5,0.907,2.47,5.02,3.658446
2975,Moderate_Acid,0.205,0.983,0.5,0.907,2.47,5.02,1.85127
2982,Moderate_Acid,0.37,0.983,0.5,0.907,2.47,5.02,3.577669
2989,Moderate_Acid,0.237,0.983,0.5,0.907,2.47,5.02,2.332664
2996,Moderate_Acid,0.159,0.983,0.5,0.907,2.47,5.02,1.616627
3003,Moderate_Acid,0.275,0.983,0.5,0.907,2.47,5.02,2.576159
3010,Moderate_Acid,0.205,0.983,0.5,0.907,2.47,5.02,1.929151
3017,Moderate_Acid,0.37,0.983,0.5,0.907,2.47,5.02,3.092705
3024,Moderate_Acid,0.402,0.983,0.5,0.907,2.47,5.02,3.391974
3031,Moderate_Acid,0.108,0.983,0.5,0.907,2.47,5.02,1.075659
3038,Moderate_Acid,0.159,0.983,0.5,0.907,2.47,5.02,1.578324
3045,Neutral,,,,,,,
3052,Moderate_Acid,0.237,0.983,0.5,0.907,2.47,5.02,2.325927
3059,Moderate_Acid,0.37,0.983,0.5,0.907,2.47,5.02,2.881072
3066,Moderate_Acid,0.237,0.983,0.5,0.907,2.47,5.02,2.267443
3073,Moderate_Acid,0.37,0.983,0.5,0.907,2.47,5.02,3.196207
3080,Moderate_Acid,0.326,0.983,0.5,0.907,2.47,5.02,3.05777
3087,Moderate_Acid,0.237,0.983,0.5,0.907,2.47,5.02,2.186276
3094,Moderate_Acid,0.159,0.983,0.5,0.907,2.47,5.02,1.650706
3101,Moderate_Acid,0.326,0.983,0.5,0.907,2.47,5.02,2.649842
3108,Moderate_Acid,0.442,0.983,0.5,0.907,2.47,5.02,3.424401
3115,Moderate_Acid,0.442,0.983,0.5,0.907,2.47,5.02,3.618108
3122,Moderate_Acid,0.37,0.983,0.5,0.907,2.47,5.02,3.580826
3129,Moderate_Acid,0.442,0.983,0.5,0.907,2.47,5.02,2.89766
3136,Moderate_Acid,0.326,0.983,0.5,0.907,2.47,5.02,3.037259
3143,Neutral,,,,,,,
3150,Moderate_Acid,0.37,0.983,0.5,0.907,2.47,5.02,3.027155
3157,Moderate_Acid,0.275,0.983,0.5,0.907,2.47,5.02,2.627585
3164,Moderate_Acid,0,0.983,0.5,0.907,2.47,5.02,0
3171,Neutral,,,,,,,
3178,Neutral,,,,,,,
3185,Neutral,,,,,,,
3192,Neutral,,,,,,,
3199,Moderate_Alkaline,,,,,,,
3206,Neutral,,,,,,,
3213,Neutral,,,,,,,
3220,Neutral,,,,,,,
3227,Neutral,,,,,,,
3234,Neutral,,,,,,,
3241,Neutral,,,,,,,
3248,Neutral,,,,,,,
3255,Neutral,,,,,,,
3262,Neutral,,,,,,,
3269,Neutral,,,,,,,
3276,Neutral,,,,,,,
3283,Neutral,,,,,,,
3290,Neutral,,,,,,,
3297,Neutral,,,,,,,
3304,Neutral,,,,,,,
3311,Neutral,,,,,,,
3318,Neutral,,,,,,,
3325,Neutral,,,,,,,
3332,Moderate_Acid,0.205,0.983,0.5,0.907,2.47,5.02,2.00548
3339,Moderate_Acid,0.205,0.983,0.5,0.907,2.47,5.02,1.938138
3346,Moderate_Acid,0.37,0.983,0.5,0.907,2.47,5.02,3.292001
3353,Moderate_Acid,0.402,0.983,0.5,0.907,2.47,5.02,3.520346
3360,Moderate_Acid,0.237,0.983,0.5,0.907,2.47,5.02,2.488623
3367,Moderate_Acid,0.402,0.983,0.5,0.907,2.47,5.02,2.947596
3374,Moderate_Acid,0.402,0.983,0.5,0.907,2.47,5.02,3.157801
3381,Moderate_Acid,0.275,0.983,0.5,0.907,2.47,5.02,2.306139
3388,Moderate_Acid,0.442,0.983,0.5,0.907,2.47,5.02,3.427696
3395,Moderate_Acid,0.326,0.983,0.5,0.907,2.47,5.02,2.784811
3402,Moderate_Acid,0.442,0.983,0.5,0.907,2.47,5.02,3.447447
3409,Strong_Acid,0.442,0.983,0.5,0.907,2.47,5.02,3.482782
3416,Moderate_Acid,0.442,0.983,0.5,0.907,2.47,5.02,3.558784
3423,Moderate_Acid,0.275,0.983,0.5,0.907,2.47,5.02,2.743835
3430,Moderate_Acid,0.37,0.983,0.5,0.907,2.47,5.02,3.019195
3437,Moderate_Acid,0.402,0.983,0.5,0.907,2.47,5.02,3.392347
3444,Moderate_Acid,0.402,0.983,0.5,0.907,2.47,5.02,3.360868
3451,Moderate_Acid,0.442,0.983,0.5,0.907,2.47,5.02,3.786997
3458,Moderate_Acid,0.37,0.983,0.5,0.907,2.47,5.02,2.973128
3465,Moderate_Acid,0.402,0.983,0.5,0.907,2.47,5.02,3.618702
3472,Strong_Acid,0.442,0.983,0.5,0.907,2.47,5.02,3.167725
3479,Moderate_Acid,0.402,0.983,0.5,0.907,2.47,5.02,3.609279
3486,Moderate_Acid,0.37,0.983,0.5,0.907,2.47,5.02,3.254793
3493,Moderate_Acid,0.326,0.983,0.5,0.907,2.47,5.02,2.814927
3500,Moderate_Acid,0.402,0.983,0.5,0.907,2.47,5.02,3.387829
3507,Moderate_Acid,0.402,0.983,0.5,0.907,2.47,5.02,3.633277
3514,Moderate_Acid,0.237,0.983,0.5,0.907,2.47,5.02,2.077374
3521,Strong_Acid,0.442,0.983,0.5,0.907,2.47,5.02,3.199339
3528,Moderate_Acid,0.402,0.983,0.5,0.907,2.47,5.02,3.219996
3535,Neutral,,,,,,,
3542,Neutral,,,,,,,
3549,Neutral,,,,,,,
3556,Neutral,,,,,,,
3563,Neutral,,,,,,,
3570,Neutral,,,,,,,
3577,Neutral,,,,,,,
3584,Neutral,,,,,,,
3591,Neutral,,,,,,,
3598,Neutral,,,,,,,
3605,Neutral,,,,,,,
3612,Neutral,,,,,,,
3619,Moderate_Alkaline,,,,,,,
3626,Neutral,,,,,,,
3633,Neutral,,,,,,,
3640,Moderate_Alkaline,,,,,,,
3647,Neutral,,,,,,,
3654,Neutral,,,,,,,
3661,Neutral,,,,,,,
3668,Neutral,,,,,,,
3675,Neutral,,,,,,,
3682,Neutral,,,,,,,
3689,Moderate_Acid,0.049,0.983,0.5,0.907,2.47,5.02,0.431256
3696,Neutral,,,,,,,
3703,Neutral,,,,,,,
3710,Neutral,,,,,,,
3717,Neutral,,,,,,,
3724,Neutral,,,,,,,
3731,Neutral,,,,,,,
3738,Neutral,,,,,,,
3745,Moderate_Acid,0,0.983,0.5,0.907,2.47,5.02,0
3752,Moderate_Acid,0,0.983,0.5,0.907,2.47,5.02,0
3759,Neutral,,,,,,,
3766,Neutral,,,,,,,
3773,Neutral,,,,,,,
3780,Moderate_Acid,0,0.983,0.5,0.907,2.47,5.02,0
3787,Neutral,,,,,,,
3794,Neutral,,,,,,,
3801,Neutral,,,,,,,
3808,Neutral,,,,,,,
3815,Neutral,,,,,,,
3822,Neutral,,,,,,,
3829,Neutral,,,,,,,
3836,Neutral,,,,,,,
3843,Neutral,,,,,,,
3850,Neutral,,,,,,,
3857,Neutral,,,,,,,
3864,Moderate_Acid,0.37,0.983,0.5,0.907,2.47,5.02,1.564155
3871,Strong_Acid,0.5,0.983,0.5,0.907,2.47,5.02,3.001294
3878,Moderate_Acid,0.275,0.983,0.5,0.907,2.47,5.02,2.287458
3885,Strong_Acid,0.574,0.983,0.5,0.907,2.47,5.02,3.051348
3892,Moderate_Acid,0.326,0.983,0.5,0.907,2.47,5.02,2.108161
3899,Strong_Acid,0.574,0.983,0.5,0.907,2.47,5.02,4.260828
3906,Strong_Acid,0.65,0.983,0.5,0.907,2.47,5.02,3.955057
3913,Moderate_Acid,0.442,0.983,0.5,0.907,2.47,5.02,1.963455
3920,Strong_Acid,0.624,0.983,0.5,0.907,2.47,5.02,3.725045
3927,Strong_Acid,0.665,0.983,0.5,0.907,2.47,5.02,3.919809
3934,Moderate_Acid,0.402,0.983,0.5,0.907,2.47,5.02,2.839324
3941,Strong_Acid,0.624,0.983,0.5,0.907,2.47,5.02,2.612264
3948,Strong_Acid,0.624,0.983,0.5,0.907,2.47,5.02,3.725087
3955,Strong_Acid,0.5,0.983,0.5,0.907,2.47,5.02,3.404178
3962,Strong_Acid,0.442,0.983,0.5,0.907,2.47,5.02,2.672175
3969,Strong_Acid,0.5,0.983,0.5,0.907,2.47,5.02,3.141073
3976,Strong_Acid,0.442,0.983,0.5,0.907,2.47,5.02,2.805256
3983,Moderate_Acid,0.402,0.983,0.5,0.907,2.47,5.02,3.31901
3990,Strong_Acid,0.442,0.983,0.5,0.907,2.47,5.02,3.11525
3997,Moderate_Acid,0.159,0.983,0.5,0.907,2.47,5.02,1.571437
4004,Strong_Acid,0.442,0.983,0.5,0.907,2.47,5.02,3.019915
4011,Moderate_Acid,0.402,0.983,0.5,0.907,2.47,5.02,3.134689
4018,Strong_Acid,0.5,0.983,0.5,0.907,2.47,5.02,2.642219
4025,Strong_Acid,0.65,0.983,0.5,0.907,2.47,5.02,3.560999
4032,Strong_Acid,0.624,0.983,0.5,0.907,2.47,5.02,4.332003
4039,Strong_Acid,0.65,0.983,0.5,0.907,2.47,5.02,3.510246
4046,Strong_Acid,0.65,0.983,0.5,0.907,2.47,5.02,3.933613
4053,Strong_Acid,0.65,0.983,0.5,0.907,2.47,5.02,4.406398
4060,Strong_Acid,0.5,0.983,0.5,0.907,2.47,5.02,2.717506
4067,Strong_Acid,0.624,0.983,0.5,0.907,2.47,5.02,3.261935
4074,Moderate_Acid,0.402,0.983,0.5,0.907,2.47,5.02,2.7566
4081,Strong_Acid,0.5,0.983,0.5,0.907,2.47,5.02,3.231146
4088,Moderate_Acid,0.275,0.983,0.5,0.907,2.47,5.02,2.71796
4095,Strong_Acid,0.624,0.983,0.5,0.907,2.47,5.02,4.352617
4102,Strong_Acid,0.574,0.983,0.5,0.907,2.47,5.02,3.379374
4109,Moderate_Acid,0.37,0.983,0.5,0.907,2.47,5.02,2.736975
4116,Strong_Acid,0.5,0.983,0.5,0.907,2.47,5.02,3.291186
4123,Strong_Acid,0.624,0.983,0.5,0.907,2.47,5.02,4.195147
4130,Moderate_Acid,0.402,0.983,0.5,0.907,2.47,5.02,2.122563
4137,Strong_Acid,0.624,0.983,0.5,0.907,2.47,5.02,4.237571
4144,Strong_Acid,0.574,0.983,0.5,0.907,2.47,5.02,4.164577
4151,Strong_Acid,0.574,0.983,0.5,0.907,2.47,5.02,3.955922
4158,Strong_Acid,0.574,0.983,0.5,0.907,2.47,5.02,4.194329
4165,Moderate_Acid,0.402,0.983,0.5,0.907,2.47,5.02,2.063208
4172,Strong_Acid,0.65,0.983,0.5,0.907,2.47,5.02,4.203192
4179,Moderate_Acid,0.37,0.983,0.5,0.907,2.47,5.02,2.561105
4186,Strong_Acid,0.5,0.983,0.5,0.907,2.47,5.02,3.151122
4193,Strong_Acid,0.574,0.983,0.5,0.907,2.47,5.02,4.382859
4200,Moderate_Acid,0.326,0.983,0.5,0.907,2.47,5.02,2.59844
4207,Moderate_Acid,0.37,0.983,0.5,0.907,2.47,5.02,2.52868
4214,Strong_Acid,0.442,0.983,0.5,0.907,2.47,5.02,3.092627
4221,Moderate_Acid,0.275,0.983,0.5,0.907,2.47,5.02,2.226261
4228,Moderate_Acid,0.37,0.983,0.5,0.907,2.47,5.02,2.011865
4235,Moderate_Acid,0.402,0.983,0.5,0.907,2.47,5.02,2.767628
4242,Strong_Acid,0.574,0.983,0.5,0.907,2.47,5.02,3.714743
4249,Strong_Acid,0.442,0.983,0.5,0.907,2.47,5.02,3.059508
4256,Strong_Acid,0.574,0.983,0.5,0.907,2.47,5.02,3.622351
4263,Moderate_Acid,0.37,0.983,0.5,0.907,2.47,5.02,3.125715
4270,Strong_Acid,0.574,0.983,0.5,0.907,2.47,5.02,4.006145
4277,Strong_Acid,0.624,0.983,0.5,0.907,2.47,5.02,4.000501
4284,Strong_Acid,0.624,0.983,0.5,0.907,2.47,5.02,4.196734
4291,Strong_Acid,0.5,0.983,0.5,0.907,2.47,5.02,3.510861
4298,Strong_Acid,0.5,0.983,0.5,0.907,2.47,5.02,2.311276
4305,Moderate_Acid,0.402,0.983,0.5,0.907,2.47,5.02,2.132846
4312,Moderate_Acid,0.402,0.983,0.5,0.907,2.47,5.02,2.187031
4319,Strong_Acid,0.65,0.983,0.5,0.907,2.47,5.02,4.280399
4326,Strong_Acid,0.624,0.983,0.5,0.907,2.47,5.02,4.197506
4333,Strong_Acid,0.624,0.983,0.5,0.907,2.47,5.02,4.072447
4340,Strong_Acid,0.574,0.983,0.5,0.907,2.47,5.02,3.719692
4347,Strong_Acid,0.574,0.983,0.5,0.907,2.47,5.02,2.991833
4354,Strong_Acid,0.624,0.983,0.5,0.907,2.47,5.02,4.285363
4361,Moderate_Acid,0.37,0.983,0.5,0.907,2.47,5.02,3.130724
4368,Moderate_Acid,0.326,0.983,0.5,0.907,2.47,5.02,2.710256
4375,Strong_Acid,0.5,0.983,0.5,0.907,2.47,5.02,2.789721
4382,Moderate_Acid,0.402,0.983,0.5,0.907,2.47,5.02,2.583405
4389,Moderate_Acid,0.326,0.983,0.5,0.907,2.47,5.02,2.077575
4396,Strong_Acid,0.442,0.983,0.5,0.907,2.47,5.02,2.403719
4403,Strong_Acid,0.442,0.983,0.5,0.907,2.47,5.02,2.947397
4410,Strong_Acid,0.5,0.983,0.5,0.907,2.47,5.02,3.259391
4417,Strong_Acid,0.65,0.983,0.5,0.907,2.47,5.02,4.137336
4424,Strong_Acid,0.624,0.983,0.5,0.907,2.47,5.02,4.339285
4431,Strong_Acid,0.574,0.983,0.5,0.907,2.47,5.02,3.771674
4438,Strong_Acid,0.442,0.983,0.5,0.907,2.47,5.02,2.69333
4445,Strong_Acid,0.665,0.983,0.5,0.907,2.47,5.02,4.734842
4452,Strong_Acid,0.574,0.983,0.5,0.907,2.47,5.02,3.835103
4459,Strong_Acid,0.65,0.983,0.5,0.907,2.47,5.02,4.185341
4466,Strong_Acid,0.65,0.983,0.5,0.907,2.47,5.02,4.637584
4473,Strong_Acid,0.624,0.983,0.5,0.907,2.47,5.02,4.288982
4480,Strong_Acid,0.65,0.983,0.5,0.907,2.47,5.02,4.634048
4487,Strong_Acid,0.5,0.983,0.5,0.907,2.47,5.02,2.438859
4494,Strong_Acid,0.65,0.983,0.5,0.907,2.47,5.02,4.156726
4501,Strong_Acid,0.65,0.983,0.5,0.907,2.47,5.02,4.213505
4508,Strong_Acid,0.665,0.983,0.5,0.907,2.47,5.02,4.360178
4515,Moderate_Acid,0.402,0.983,0.5,0.907,2.47,5.02,2.679241
4522,Strong_Acid,0.65,0.983,0.5,0.907,2.47,5.02,4.119716
4529,Strong_Acid,0.65,0.983,0.5,0.907,2.47,5.02,4.482635
4536,Strong_Acid,0.65,0.983,0.5,0.907,2.47,5.02,4.277693
4543,Moderate_Acid,0.442,0.983,0.5,0.907,2.47,5.02,3.147947
4550,Strong_Acid,0.65,0.983,0.5,0.907,2.47,5.02,3.91835
4557,Strong_Acid,0.5,0.983,0.5,0.907,2.47,5.02,3.004875
4564,Strong_Acid,0.574,0.983,0.5,0.907,2.47,5.02,4.186765
4571,Strong_Acid,0.5,0.983,0.5,0.907,2.47,5.02,3.620177
4578,Moderate_Acid,0.442,0.983,0.5,0.907,2.47,5.02,3.265096
4585,Moderate_Acid,0.205,0.983,0.5,0.907,2.47,5.02,1.262514
4592,Moderate_Acid,0.402,0.983,0.5,0.907,2.47,5.02,3.293959
4599,Moderate_Acid,0.402,0.983,0.5,0.907,2.47,5.02,3.179845
4606,Strong_Acid,0.574,0.983,0.5,0.907,2.47,5.02,3.156128
4613,Strong_Acid,0.5,0.983,0.5,0.907,2.47,5.02,2.44443
4620,Strong_Acid,0.624,0.983,0.5,0.907,2.47,5.02,4.205335
4627,Strong_Acid,0.624,0.983,0.5,0.907,2.47,5.02,4.382434
4634,Strong_Acid,0.5,0.983,0.5,0.907,2.47,5.02,3.693599
4641,Strong_Acid,0.65,0.983,0.5,0.907,2.47,5.02,4.569996
4648,Strong_Acid,0.65,0.983,0.5,0.907,2.47,5.02,4.675006
4655,Strong_Acid,0.65,0.983,0.5,0.907,2.47,5.02,4.324381
4662,Strong_Acid,0.65,0.983,0.5,0.907,2.47,5.02,4.278764
4669,Moderate_Acid,0.402,0.983,0.5,0.907,2.47,5.02,1.835556
4676,Moderate_Acid,0.402,0.983,0.5,0.907,2.47,5.02,1.858226
4683,Moderate_Acid,0.402,0.983,0.5,0.907,2.47,5.02,2.492701
4690,Moderate_Acid,0.402,0.983,0.5,0.907,2.47,5.02,2.541698
4697,Strong_Acid,0.574,0.983,0.5,0.907,2.47,5.02,4.007911
4704,Moderate_Acid,0.442,0.983,0.5,0.907,2.47,5.02,2.393396
4711,Strong_Acid,0.624,0.983,0.5,0.907,2.47,5.02,3.597717
4718,Moderate_Acid,0.442,0.983,0.5,0.907,2.47,5.02,2.939847
4725,Strong_Acid,0.574,0.983,0.5,0.907,2.47,5.02,3.30837
4732,Strong_Acid,0.5,0.983,0.5,0.907,2.47,5.02,3.408314
4739,Moderate_Acid,0.326,0.983,0.5,0.907,2.47,5.02,2.711548
4746,Moderate_Acid,0.275,0.983,0.5,0.907,2.47,5.02,2.156417
4753,Moderate_Acid,0.37,0.983,0.5,0.907,2.47,5.02,2.924435
4760,Moderate_Acid,0.402,0.983,0.5,0.907,2.47,5.02,2.867072
4767,Strong_Acid,0.574,0.983,0.5,0.907,2.47,5.02,3.940369
4774,Moderate_Acid,0.275,0.983,0.5,0.907,2.47,5.02,2.502998
4781,Strong_Acid,0.5,0.983,0.5,0.907,2.47,5.02,3.304687
4788,Moderate_Acid,0.442,0.983,0.5,0.907,2.47,5.02,3.069027
4795,Moderate_Acid,0.326,0.983,0.5,0.907,2.47,5.02,2.851547
4802,Moderate_Acid,0.442,0.983,0.5,0.907,2.47,5.02,3.268106
4809,Strong_Acid,0.624,0.983,0.5,0.907,2.47,5.02,3.969234
4816,Strong_Acid,0.574,0.983,0.5,0.907,2.47,5.02,3.680313
4823,Moderate_Acid,0.37,0.983,0.5,0.907,2.47,5.02,2.735183
4830,Strong_Acid,0.624,0.983,0.5,0.907,2.47,5.02,4.091386
4837,Strong_Acid,0.624,0.983,0.5,0.907,2.47,5.02,4.21838
4844,Strong_Acid,0.5,0.983,0.5,0.907,2.47,5.02,3.677212
4851,Moderate_Acid,0.37,0.983,0.5,0.907,2.47,5.02,2.418398
4858,Moderate_Acid,0.442,0.983,0.5,0.907,2.47,5.02,3.670084
4865,Moderate_Acid,0.402,0.983,0.5,0.907,2.47,5.02,3.015278
4872,Strong_Acid,0.442,0.983,0.5,0.907,2.47,5.02,2.754313
4879,Moderate_Acid,0.402,0.983,0.5,0.907,2.47,5.02,2.929569
4886,Strong_Acid,0.5,0.983,0.5,0.907,2.47,5.02,3.183819
4893,Moderate_Acid,0.402,0.983,0.5,0.907,2.47,5.02,2.595355
4900,Moderate_Acid,0.442,0.983,0.5,0.907,2.47,5.02,3.240202
4907,Moderate_Acid,0.442,0.983,0.5,0.907,2.47,5.02,3.098717
4914,Moderate_Acid,0.237,0.983,0.5,0.907,2.47,5.02,2.177356
4921,Strong_Acid,0.442,0.983,0.5,0.907,2.47,5.02,2.878436
4928,Moderate_Acid,0.402,0.983,0.5,0.907,2.47,5.02,2.807321
4935,Moderate_Acid,0.402,0.983,0.5,0.907,2.47,5.02,2.557102
4942,Strong_Acid,0.624,0.983,0.5,0.907,2.47,5.02,4.099372
4949,Strong_Acid,0.442,0.983,0.5,0.907,2.47,5.02,3.22077
4956,Strong_Acid,0.574,0.983,0.5,0.907,2.47,5.02,4.176871
4963,Strong_Acid,0.574,0.983,0.5,0.907,2.47,5.02,3.751476
4970,Strong_Acid,0.5,0.983,0.5,0.907,2.47,5.02,3.233483
4977,Moderate_Acid,0.402,0.983,0.5,0.907,2.47,5.02,2.878005
4984,Strong_Acid,0.5,0.983,0.5,0.907,2.47,5.02,2.882236
4991,Moderate_Acid,0.442,0.983,0.5,0.907,2.47,5.02,2.506002
4998,Strong_Acid,0.65,0.983,0.5,0.907,2.47,5.02,4.391249
5005,Moderate_Acid,0.326,0.983,0.5,0.907,2.47,5.02,2.702922
5012,Moderate_Acid,0.37,0.983,0.5,0.907,2.47,5.02,2.428586
5019,Moderate_Acid,0.237,0.983,0.5,0.907,2.47,5.02,2.303555
5026,Moderate_Acid,0.275,0.983,0.5,0.907,2.47,5.02,2.17381
5033,Moderate_Acid,0.37,0.983,0.5,0.907,2.47,5.02,2.972634
5040,Moderate_Acid,0.37,0.983,0.5,0.907,2.47,5.02,3.246767
5047,Moderate_Acid,0.159,0.983,0.5,0.907,2.47,5.02,1.461587
5054,Neutral,,,,,,,
5061,Moderate_Acid,0.37,0.983,0.5,0.907,2.47,5.02,2.499897
5068,Moderate_Acid,0.442,0.983,0.5,0.907,2.47,5.02,3.046551
5075,Moderate_Acid,0.442,0.983,0.5,0.907,2.47,5.02,3.156924
5082,Moderate_Acid,0.237,0.983,0.5,0.907,2.47,5.02,1.61827
5089,Moderate_Acid,0.326,0.983,0.5,0.907,2.47,5.02,2.079534
5096,Moderate_Acid,0.326,0.983,0.5,0.907,2.47,5.02,2.126874
5103,Moderate_Acid,0.402,0.983,0.5,0.907,2.47,5.02,2.473748
5110,Moderate_Acid,0.37,0.983,0.5,0.907,2.47,5.02,2.527583
5117,Moderate_Acid,0.402,0.983,0.5,0.907,2.47,5.02,3.182517
5124,Neutral,,,,,,,
5131,Moderate_Acid,0.275,0.983,0.5,0.907,2.47,5.02,1.483024
5138,Moderate_Acid,0.275,0.983,0.5,0.907,2.47,5.02,2.699105
5145,Moderate_Acid,0.275,0.983,0.5,0.907,2.47,5.02,2.234107
5152,Neutral,,,,,,,
5159,Neutral,,,,,,,
5166,Moderate_Acid,0.237,0.983,0.5,0.907,2.47,5.02,2.266876
5173,Neutral,,,,,,,
5180,Moderate_Acid,0.275,0.983,0.5,0.907,2.47,5.02,2.409381
5187,Moderate_Acid,0.37,0.983,0.5,0.907,2.47,5.02,3.015781
5194,Moderate_Acid,0.108,0.983,0.5,0.907,2.47,5.02,0.980179
5201,Moderate_Acid,0.275,0.983,0.5,0.907,2.47,5.02,2.371882
5208,Moderate_Acid,0.205,0.983,0.5,0.907,2.47,5.02,1.66585
5215,Moderate_Acid,0.237,0.983,0.5,0.907,2.47,5.02,2.247456
5222,Moderate_Acid,0.326,0.983,0.5,0.907,2.47,5.02,3.000655
5229,Moderate_Acid,0.205,0.983,0.5,0.907,2.47,5.02,1.867561
5236,Moderate_Acid,0.159,0.983,0.5,0.907,2.47,5.02,1.32904
5243,Neutral,,,,,,,
5250,Moderate_Acid,0.108,0.983,0.5,0.907,2.47,5.02,1.055748
5257,Moderate_Acid,0.402,0.983,0.5,0.907,2.47,5.02,2.718758
5264,Moderate_Acid,0.402,0.983,0.5,0.907,2.47,5.02,2.780568
5271,Moderate_Acid,0.402,0.983,0.5,0.907,2.47,5.02,2.990433
5278,Neutral,,,,,,,
5285,Neutral,,,,,,,
5292,Neutral,,,,,,,
5299,Neutral,,,,,,,
5306,Neutral,,,,,,,
5313,Neutral,,,,,,,
5320,Neutral,,,,,,,
5327,Neutral,,,,,,,
5334,Neutral,,,,,,,
5341,Neutral,,,,,,,
5348,Neutral,,,,,,,
5355,Neutral,,,,,,,
5362,Neutral,,,,,,,
5369,Neutral,,,,,,,
5376,Moderate_Acid,0.108,0.983,0.5,0.907,2.47,5.02,1.090783
5383,Neutral,,,,,,,
5390,Neutral,,,,,,,
5397,Neutral,,,,,,,
5404,Neutral,,,,,,,
5411,Moderate_Acid,0.159,0.983,0.5,0.907,2.47,5.02,1.456834
5418,Neutral,,,,,,,
5425,Neutral,,,,,,,
5432,Moderate_Acid,0.159,0.983,0.5,0.907,2.47,5.02,1.427761
5439,Moderate_Acid,0.049,0.983,0.5,0.907,2.47,5.02,0.4586092
5446,Moderate_Acid,0.275,0.983,0.5,0.907,2.47,5.02,2.443071
5453,Moderate_Acid,0.205,0.983,0.5,0.907,2.47,5.02,2.12266
5460,Moderate_Acid,0.159,0.983,0.5,0.907,2.47,5.02,1.572361
5467,Moderate_Acid,0.159,0.983,0.5,0.907,2.47,5.02,1.456934
5474,Moderate_Acid,0,0.983,0.5,0.907,2.47,5.02,0
5481,Moderate_Acid,0.326,0.983,0.5,0.907,2.47,5.02,2.758934
5488,Neutral,,,,,,,
5495,Moderate_Acid,0.237,0.983,0.5,0.907,2.47,5.02,2.09865
5502,Moderate_Acid,0.237,0.983,0.5,0.907,2.47,5.02,2.10902
5509,Moderate_Acid,0.205,0.983,0.5,0.907,2.47,5.02,1.996009
5516,Moderate_Acid,0.237,0.983,0.5,0.907,2.47,5.02,2.274668
5523,Neutral,,,,,,,
5530,Strong_Acid,0.665,0.983,0.5,0.907,2.47,5.02,3.31942
5537,Neutral,,,,,,,
5544,Moderate_Alkaline,,,,,,,
5551,Moderate_Alkaline,,,,,,,
5558,Moderate_Alkaline,,,,,,,
5565,Moderate_Alkaline,,,,,,,
5572,Moderate_Alkaline,,,,,,,
5579,Neutral,,,,,,,
5586,Neutral,,,,,,,
5593,Moderate_Alkaline,,,,,,,
5600,Neutral,,,,,,,
5607,Moderate_Alkaline,,,,,,,
5614,Neutral,,,,,,,
5621,Neutral,,,,,,,
5628,Neutral,,,,,,,
5635,Neutral,,,,,,,
5642,Neutral,,,,,,,
5649,Moderate_Acid,0.108,0.983,0.5,0.907,2.47,5.02,1.077852
5656,Neutral,,,,,,,
5663,Moderate_Alkaline,,,,,,,
5670,Moderate_Alkaline,,,,,,,
5677,Neutral,,,,,,,
5684,Neutral,,,,,,,
5691,Neutral,,,,,,,
5698,Neutral,,,,,,,
5705,Moderate_Acid,0,0.983,0.5,0.907,2.47,5.02,0
5712,Moderate_Acid,0,0.983,0.5,0.907,2.47,5.02,0
5719,Neutral,,,,,,,
5726,Neutral,,,,,,,
5733,Strong_Acid,0.695,0.983,0.5,0.907,2.47,5.02,2.986152
5740,Neutral,,,,,,,
5747,Neutral,,,,,,,
5754,Moderate_Acid,0.108,0.983,0.5,0.907,2.47,5.02,0.7982313
5761,Neutral,,,,,,,
5768,Neutral,,,,,,,
5775,Neutral,,,,,,,
5782,Neutral,,,,,,,
5789,Neutral,,,,,,,
5796,Moderate_Acid,0.275,0.983,0.5,0.907,2.47,5.02,2.479691
5803,Moderate_Acid,0.049,0.983,0.5,0.907,2.47,5.02,0.5118402
5810,Moderate_Acid,0.37,0.983,0.5,0.907,2.47,5.02,2.522321
5817,Moderate_Acid,0.237,0.983,0.5,0.907,2.47,5.02,2.103282
5824,Moderate_Acid,0.237,0.983,0.5,0.907,2.47,5.02,1.848918
5831,Moderate_Acid,0.108,0.983,0.5,0.907,2.47,5.02,0.8488027
5838,Neutral,,,,,,,
5845,Moderate_Acid,0.049,0.983,0.5,0.907,2.47,5.02,0.4373656
5852,Moderate_Acid,0.049,0.983,0.5,0.907,2.47,5.02,0.4112092
5859,Neutral,,,,,,,
5866,Neutral,,,,,,,
5873,Moderate_Alkaline,,,,,,,
5880,Moderate_Acid,0.159,0.983,0.5,0.907,2.47,5.02,1.284251
5887,Neutral,,,,,,,
5894,Moderate_Acid,0,0.983,0.5,0.907,2.47,5.02,0
5901,Neutral,,,,,,,
5908,Moderate_Acid,0.237,0.983,0.5,0.907,2.47,5.02,2.021384
5915,Moderate_Acid,0.108,0.983,0.5,0.907,2.47,5.02,0.8725617
5922,Moderate_Acid,0.108,0.983,0.5,0.907,2.47,5.02,1.02028
5929,Neutral,,,,,,,
5936,Neutral,,,,,,,
5943,Neutral,,,,,,,
5950,Neutral,,,,,,,
5957,Moderate_Acid,0.205,0.983,0.5,0.907,2.47,5.02,1.529184
5964,Neutral,,,,,,,
5971,Moderate_Acid,0.159,0.983,0.5,0.907,2.47,5.02,1.317821
5978,Neutral,,,,,,,
5985,Moderate_Acid,0.159,0.983,0.5,0.907,2.47,5.02,1.506727
5992,Neutral,,,,,,,
5999,Moderate_Acid,0.049,0.983,0.5,0.907,2.47,5.02,0.4238669
6006,Neutral,,,,,,,
6013,Neutral,,,,,,,
6020,Moderate_Acid,0.402,0.983,0.5,0.907,2.47,5.02,2.49431
6027,Moderate_Acid,0.205,0.983,0.5,0.907,2.47,5.02,1.94623
6034,Moderate_Acid,0,0.983,0.5,0.907,2.47,5.02,0
6041,Neutral,,,,,,,
6048,Moderate_Acid,0.237,0.983,0.5,0.907,2.47,5.02,1.90898
6055,Moderate_Acid,0.326,0.983,0.5,0.907,2.47,5.02,2.58881
6062,Neutral,,,,,,,
6069,Neutral,,,,,,,
6076,Moderate_Acid,0.159,0.983,0.5,0.907,2.47,5.02,1.370654
6083,Moderate_Acid,0.049,0.983,0.5,0.907,2.47,5.02,0.4128138
6090,Moderate_Acid,0,0.983,0.5,0.907,2.47,5.02,0
6097,Neutral,,,,,,,
6104,Moderate_Acid,0.275,0.983,0.5,0.907,2.47,5.02,2.222769
6111,Neutral,,,,,,,
6118,Neutral,,,,,,,
6125,Moderate_Alkaline,,,,,,,
6132,Neutral,,,,,,,
6139,Neutral,,,,,,,
6146,Moderate_Alkaline,,,,,,,
6153,Neutral,,,,,,,
6160,Neutral,,,,,,,
6167,Neutral,,,,,,,
6174,Neutral,,,,,,,
6181,Neutral,,,,,,,
6188,Moderate_Alkaline,,,,,,,
6195,Neutral,,,,,,,
6202,Neutral,,,,,,,
6209,Neutral,,,,,,,
6216,Neutral,,,,,,,
6223,Neutral,,,,,,,
6230,Neutral,,,,,,,
6237,Moderate_Acid,0.049,0.983,0.5,0.907,2.47,5.02,0.4709632
6244,Moderate_Acid,0,0.983,0.5,0.907,2.47,5.02,0
6251,Neutral,,,,,,,
6258,Moderate_Acid,0.049,0.983,0.5,0.907,2.47,5.02,0.3389144
6265,Neutral,,,,,,,
6272,Neutral,,,,,,,
6279,Moderate_Alkaline,,,,,,,
6286,Neutral,,,,,,,
6293,Neutral,,,,,,,
6300,Moderate_Alkaline,,,,,,,
6307,Moderate_Alkaline,,,,,,,
6314,Moderate_Acid,0.237,0.983,0.5,0.907,2.47,5.02,2.394992
6321,Neutral,,,,,,,
6328,Neutral,,,,,,,
6335,Moderate_Alkaline,,,,,,,
6342,Moderate_Acid,0.159,0.983,0.5,0.907,2.47,5.02,1.475849
6349,Moderate_Acid,0.275,0.983,0.5,0.907,2.47,5.02,2.514221
6356,Neutral,,,,,,,
6363,Neutral,,,,,,,
6370,Moderate_Alkaline,,,,,,,
6377,Neutral,,,,,,,
6384,Neutral,,,,,,,
6391,Neutral,,,,,,,
6398,Neutral,,,,,,,
6405,Neutral,,,,,,,
6412,Moderate_Acid,0,0.983,0.5,0.907,2.47,5.02,0
6419,Neutral,,,,,,,
6426,Neutral,,,,,,,
6433,Neutral,,,,,,,
6440,Moderate_Alkaline,,,,,,,
6447,Neutral,,,,,,,
6454,Neutral,,,,,,,
6461,Moderate_Alkaline,,,,,,,
6468,Moderate_Alkaline,,,,,,,
6475,Neutral,,,,,,,
6482,Neutral,,,,,,,
6489,Neutral,,,,,,,
6496,Moderate_Alkaline,,,,,,,
6503,Neutral,,,,,,,
6510,Moderate_Alkaline,,,,,,,
6517,Neutral,,,,,,,
6524,Neutral,,,,,,,
6531,Neutral,,,,,,,
6538,Neutral,,,,,,,
6545,Neutral,,,,,,,
6552,Neutral,,,,,,,
6559,Neutral,,,,,,,
6566,Neutral,,,,,,,
6573,Moderate_Alkaline,,,,,,,
6580,Neutral,,,,,,,
6587,Moderate_Alkaline,,,,,,,
6594,Neutral,,,,,,,
6601,Neutral,,,,,,,
6608,Neutral,,,,,,,
6615,Moderate_Acid,0,0.983,0.5,0.907,2.47,5.02,0
6622,Moderate_Alkaline,,,,,,,
6629,Neutral,,,,,,,
6636,Neutral,,,,,,,
6643,Neutral,,,,,,,
6650,Neutral,,,,,,,
6657,Moderate_Alkaline,,,,,,,
6664,Neutral,,,,,,,
6671,Neutral,,,,,,,
6678,Neutral,,,,,,,
6685,Moderate_Alkaline,,,,,,,
6692,Neutral,,,,,,,
6699,Moderate_Acid,0.159,0.983,0.5,0.907,2.47,5.02,1.239388
6706,Moderate_Acid,0.205,0.983,0.5,0.907,2.47,5.02,1.740533
6713,Neutral,,,,,,,
6720,Neutral,,,,,,,
6727,Neutral,,,,,,,
6734,Moderate_Acid,0.049,0.983,0.5,0.907,2.47,5.02,0.4231802
6741,Moderate_Acid,0.049,0.983,0.5,0.907,2.47,5.02,0.4449654
6748,Neutral,,,,,,,
6755,Moderate_Alkaline,,,,,,,
6762,Moderate_Alkaline,,,,,,,
6769,Moderate_Acid,0.049,0.983,0.5,0.907,2.47,5.02,0.3528177
6776,Moderate_Acid,0.108,0.983,0.5,0.907,2.47,5.02,0.7793233
6783,Moderate_Acid,0.049,0.983,0.5,0.907,2.47,5.02,0.3618135
6790,Neutral,,,,,,,
6797,Neutral,,,,,,,
6804,Neutral,,,,,,,
6811,Neutral,,,,,,,
6818,Moderate_Acid,0.237,0.983,0.5,0.907,2.47,5.02,1.578096
6825,Moderate_Acid,0.275,0.983,0.5,0.907,2.47,5.02,2.022395
6832,Moderate_Acid,0.442,0.983,0.5,0.907,2.47,5.02,2.763978
6839,Neutral,,,,,,,
6846,Moderate_Acid,0.049,0.983,0.5,0.907,2.47,5.02,0.3094392
6853,Moderate_Acid,0,0.983,0.5,0.907,2.47,5.02,0
6860,Neutral,,,,,,,
6867,Neutral,,,,,,,
6874,Moderate_Acid,0.049,0.983,0.5,0.907,2.47,5.02,0.279343
6881,Moderate_Acid,0.108,0.983,0.5,0.907,2.47,5.02,0.5895501
6888,Neutral,,,,,,,
6895,Neutral,,,,,,,
6902,Moderate_Acid,0.108,0.983,0.5,0.907,2.47,5.02,0.9081125
6909,Moderate_Acid,0.37,0.983,0.5,0.907,2.47,5.02,2.337292
6916,Neutral,,,,,,,
6923,Moderate_Acid,0.159,0.983,0.5,0.907,2.47,5.02,1.003813
6930,Moderate_Acid,0.159,0.983,0.5,0.907,2.47,5.02,1.355621
6937,Moderate_Alkaline,,,,,,,
6944,Neutral,,,,,,,
6951,Neutral,,,,,,,
6958,Moderate_Acid,0.275,0.983,0.5,0.907,2.47,5.02,1.81098
6965,Strong_Acid,0.5,0.983,0.5,0.907,2.47,5.02,3.032766
6972,Moderate_Acid,0.237,0.983,0.5,0.907,2.47,5.02,1.646603
6979,Moderate_Acid,0.402,0.983,0.5,0.907,2.47,5.02,2.524036
6986,Moderate_Acid,0.205,0.983,0.5,0.907,2.47,5.02,1.720639
6993,Moderate_Acid,0.37,0.983,0.5,0.907,2.47,5.02,2.363075
7000,Moderate_Acid,0.275,0.983,0.5,0.907,2.47,5.02,1.875145
7007,Moderate_Acid,0.402,0.983,0.5,0.907,2.47,5.02,2.826861
7014,Moderate_Acid,0.402,0.983,0.5,0.907,2.47,5.02,2.542292
7021,Strong_Acid,0.624,0.983,0.5,0.907,2.47,5.02,3.260093
7028,Neutral,,,,,,,
7035,Moderate_Acid,0,0.983,0.5,0.907,2.47,5.02,0
7042,Moderate_Acid,0.108,0.983,0.5,0.907,2.47,5.02,0.5785788
7049,Moderate_Alkaline,,,,,,,
7056,Moderate_Acid,0.275,0.983,0.5,0.907,2.47,5.02,1.244396
7063,Neutral,,,,,,,
7070,Moderate_Alkaline,,,,,,,
7077,Moderate_Alkaline,,,,,,,
7084,Moderate_Acid,0.049,0.983,0.5,0.907,2.47,5.02,0.3959692
7091,Moderate_Acid,0.205,0.983,0.5,0.907,2.47,5.02,1.624841
7098,Moderate_Acid,0.326,0.983,0.5,0.907,2.47,5.02,2.643731
7105,Moderate_Acid,0.326,0.983,0.5,0.907,2.47,5.02,2.769477
7112,Moderate_Acid,0.37,0.983,0.5,0.907,2.47,5.02,2.771479
7119,Moderate_Acid,0.326,0.983,0.5,0.907,2.47,5.02,2.271152
7126,Moderate_Acid,0.159,0.983,0.5,0.907,2.47,5.02,0.8366516
7133,Moderate_Acid,0.275,0.983,0.5,0.907,2.47,5.02,1.559701
7140,Moderate_Acid,0.205,0.983,0.5,0.907,2.47,5.02,1.161639
7147,Neutral,,,,,,,
7154,Moderate_Acid,0.159,0.983,0.5,0.907,2.47,5.02,0.8160079
7161,Moderate_Acid,0.159,0.983,0.5,0.907,2.47,5.02,0.7505371
7168,Moderate_Acid,0.237,0.983,0.5,0.907,2.47,5.02,1.940551
7175,Moderate_Acid,0.275,0.983,0.5,0.907,2.47,5.02,1.619235
7182,Moderate_Acid,0.37,0.983,0.5,0.907,2.47,5.02,2.169176
7189,Moderate_Acid,0.159,0.983,0.5,0.907,2.47,5.02,1.384689
7196,Moderate_Acid,0.37,0.983,0.5,0.907,2.47,5.02,2.840494
7203,Moderate_Acid,0.108,0.983,0.5,0.907,2.47,5.02,0.9898572
7210,Neutral,,,,,,,
7217,Moderate_Acid,0.275,0.983,0.5,0.907,2.47,5.02,1.893901
7224,Moderate_Acid,0.275,0.983,0.5,0.907,2.47,5.02,1.946459
7231,Neutral,,,,,,,
7238,Moderate_Acid,0.326,0.983,0.5,0.907,2.47,5.02,2.434799
7245,Moderate_Acid,0.275,0.983,0.5,0.907,2.47,5.02,2.316098
7252,Moderate_Acid,0.237,0.983,0.5,0.907,2.47,5.02,1.995341
7259,Moderate_Acid,0.159,0.983,0.5,0.907,2.47,5.02,1.193035
7266,Moderate_Acid,0.049,0.983,0.5,0.907,2.47,5.02,0.459469
7273,Moderate_Acid,0.205,0.983,0.5,0.907,2.47,5.02,1.575414
7280,Neutral,,,,,,,
7287,Moderate_Acid,0,0.983,0.5,0.907,2.47,5.02,0
7294,Moderate_Acid,0.049,0.983,0.5,0.907,2.47,5.02,0.4097916
7301,Neutral,,,,,,,
7308,Neutral,,,,,,,
7315,Neutral,,,,,,,
7322,Neutral,,,,,,,
7329,Neutral,,,,,,,
7336,Moderate_Acid,0.275,0.983,0.5,0.907,2.47,5.02,2.164237
7343,Moderate_Acid,0.205,0.983,0.5,0.907,2.47,5.02,1.732143
7350,Neutral,,,,,,,
7357,Neutral,,,,,,,
7364,Neutral,,,,,,,
7371,Neutral,,,,,,,
7378,Neutral,,,,,,,
7385,Moderate_Acid,0.237,0.983,0.5,0.907,2.47,5.02,2.085871
7392,Moderate_Acid,0.275,0.983,0.5,0.907,2.47,5.02,2.193571
7399,Moderate_Acid,0,0.983,0.5,0.907,2.47,5.02,0
7406,Moderate_Acid,0.402,0.983,0.5,0.907,2.47,5.02,2.784237
7413,Moderate_Acid,0.326,0.983,0.5,0.907,2.47,5.02,2.436917
7420,Moderate_Acid,0.049,0.983,0.5,0.907,2.47,5.02,0.3673187
7427,Moderate_Acid,0.37,0.983,0.5,0.907,2.47,5.02,2.353911
7434,Moderate_Acid,0.402,0.983,0.5,0.907,2.47,5.02,2.696968
7441,Moderate_Acid,0.049,0.983,0.5,0.907,2.47,5.02,0.2983461
7448,Neutral,,,,,,,
7455,Moderate_Acid,0.37,0.983,0.5,0.907,2.47,5.02,2.990634
7462,Moderate_Acid,0.275,0.983,0.5,0.907,2.47,5.02,1.771406
7469,Strong_Acid,0.5,0.983,0.5,0.907,2.47,5.02,3.360841
7476,Moderate_Acid,0.237,0.983,0.5,0.907,2.47,5.02,1.615046
7483,Moderate_Acid,0.402,0.983,0.5,0.907,2.47,5.02,2.437322
7490,Moderate_Acid,0.37,0.983,0.5,0.907,2.47,5.02,2.357272
7497,Moderate_Acid,0.326,0.983,0.5,0.907,2.47,5.02,1.733453
7504,Moderate_Acid,0,0.983,0.5,0.907,2.47,5.02,0
7511,Moderate_Acid,0.402,0.983,0.5,0.907,2.47,5.02,2.577842
7518,Moderate_Acid,0.402,0.983,0.5,0.907,2.47,5.02,2.463
7525,Moderate_Acid,0.326,0.983,0.5,0.907,2.47,5.02,1.81761
7532,Moderate_Acid,0.275,0.983,0.5,0.907,2.47,5.02,1.848905
7539,Moderate_Acid,0.108,0.983,0.5,0.907,2.47,5.02,0.6931402
7546,Moderate_Acid,0.402,0.983,0.5,0.907,2.47,5.02,2.50082
7553,Moderate_Acid,0.37,0.983,0.5,0.907,2.47,5.02,2.287612
7560,Moderate_Acid,0.275,0.983,0.5,0.907,2.47,5.02,1.861418
7567,Moderate_Acid,0.37,0.983,0.5,0.907,2.47,5.02,2.414914
7574,Moderate_Acid,0.402,0.983,0.5,0.907,2.47,5.02,2.795696
7581,Moderate_Acid,0.402,0.983,0.5,0.907,2.47,5.02,2.858865
7588,Neutral,,,,,,,
7595,Moderate_Alkaline,,,,,,,
7602,Moderate_Acid,0,0.983,0.5,0.907,2.47,5.02,0
7609,Neutral,,,,,,,
7616,Moderate_Acid,0.205,0.983,0.5,0.907,2.47,5.02,1.404909
7623,Moderate_Acid,0.37,0.983,0.5,0.907,2.47,5.02,2.589059
7630,Moderate_Acid,0.37,0.983,0.5,0.907,2.47,5.02,2.50675
7637,Moderate_Acid,0.402,0.983,0.5,0.907,2.47,5.02,2.605471
7644,Moderate_Acid,0.275,0.983,0.5,0.907,2.47,5.02,1.902481
7651,Moderate_Acid,0.205,0.983,0.5,0.907,2.47,5.02,1.660047
7658,Moderate_Acid,0.159,0.983,0.5,0.907,2.47,5.02,1.242777
7665,Neutral,,,,,,,
7672,Neutral,,,,,,,
7679,Moderate_Acid,0.205,0.983,0.5,0.907,2.47,5.02,1.587886
7686,Neutral,,,,,,,
7693,Neutral,,,,,,,
7700,Neutral,,,,,,,
7707,Moderate_Acid,0.237,0.983,0.5,0.907,2.47,5.02,1.935166
7714,Moderate_Acid,0.275,0.983,0.5,0.907,2.47,5.02,1.851422
7721,Moderate_Acid,0.108,0.983,0.5,0.907,2.47,5.02,0.843794
7728,Moderate_Acid,0.049,0.983,0.5,0.907,2.47,5.02,0.2812344
7735,Moderate_Acid,0.108,0.983,0.5,0.907,2.47,5.02,0.6169026
7742,Moderate_Acid,0.159,0.983,0.5,0.907,2.47,5.02,0.9936969
7749,Moderate_Acid,0.237,0.983,0.5,0.907,2.47,5.02,1.486341
7756,Moderate_Acid,0.205,0.983,0.5,0.907,2.47,5.02,1.605698
7763,Moderate_Acid,0.205,0.983,0.5,0.907,2.47,5.02,1.811709
7770,Moderate_Acid,0.108,0.983,0.5,0.907,2.47,5.02,0.8834703
7777,Neutral,,,,,,,
7784,Neutral,,,,,,,
7791,Neutral,,,,,,,
7798,Moderate_Acid,0,0.983,0.5,0.907,2.47,5.02,0
7805,Moderate_Acid,0.37,0.983,0.5,0.907,2.47,5.02,2.937661
7812,Moderate_Acid,0.237,0.983,0.5,0.907,2.47,5.02,1.545166
7819,Moderate_Acid,0.237,0.983,0.5,0.907,2.47,5.02,1.856504
7826,Moderate_Acid,0.275,0.983,0.5,0.907,2.47,5.02,2.100047
7833,Moderate_Acid,0.108,0.983,0.5,0.907,2.47,5.02,0.8583292
7840,Moderate_Acid,0.108,0.983,0.5,0.907,2.47,5.02,0.9097607
7847,Moderate_Acid,0.237,0.983,0.5,0.907,2.47,5.02,1.782781
7854,Neutral,,,,,,,
7861,Moderate_Acid,0,0.983,0.5,0.907,2.47,5.02,0
7868,Moderate_Acid,0.237,0.983,0.5,0.907,2.47,5.02,2.032445
7875,Neutral,,,,,,,
7882,Neutral,,,,,,,
7889,Neutral,,,,,,,
7896,Moderate_Acid,0.108,0.983,0.5,0.907,2.47,5.02,0.8637253
7903,Moderate_Acid,0.159,0.983,0.5,0.907,2.47,5.02,1.145345
7910,Moderate_Acid,0.326,0.983,0.5,0.907,2.47,5.02,2.657007
7917,Moderate_Acid,0.37,0.983,0.5,0.907,2.47,5.02,2.969837
7924,Moderate_Acid,0.402,0.983,0.5,0.907,2.47,5.02,3.174906
7931,Moderate_Acid,0.326,0.983,0.5,0.907,2.47,5.02,2.586743
7938,Strong_Acid,0.5,0.983,0.5,0.907,2.47,5.02,3.610337
7945,Strong_Acid,0.5,0.983,0.5,0.907,2.47,5.02,3.672816
7952,Moderate_Acid,0.442,0.983,0.5,0.907,2.47,5.02,3.414058
7959,Moderate_Acid,0.402,0.983,0.5,0.907,2.47,5.02,3.042635
7966,Moderate_Acid,0.326,0.983,0.5,0.907,2.47,5.02,2.74335
7973,Moderate_Acid,0.326,0.983,0.5,0.907,2.47,5.02,2.717418
7980,Strong_Acid,0.5,0.983,0.5,0.907,2.47,5.02,4.077788
7987,Moderate_Acid,0.442,0.983,0.5,0.907,2.47,5.02,3.180109
7994,Moderate_Acid,0.442,0.983,0.5,0.907,2.47,5.02,3.03475
8001,Strong_Acid,0.442,0.983,0.5,0.907,2.47,5.02,3.232277
8008,Moderate_Acid,0.442,0.983,0.5,0.907,2.47,5.02,3.290139
8015,Moderate_Acid,0.402,0.983,0.5,0.907,2.47,5.02,2.272885
8022,Moderate_Acid,0.326,0.983,0.5,0.907,2.47,5.02,2.205774
8029,Moderate_Acid,0.326,0.983,0.5,0.907,2.47,5.02,2.536355
8036,Strong_Acid,0.5,0.983,0.5,0.907,2.47,5.02,3.552521
8043,Moderate_Acid,0.402,0.983,0.5,0.907,2.47,5.02,2.720701
8050,Moderate_Acid,0.275,0.983,0.5,0.907,2.47,5.02,2.126551
8057,Moderate_Acid,0.402,0.983,0.5,0.907,2.47,5.02,3.085264
8064,Moderate_Acid,0.402,0.983,0.5,0.907,2.47,5.02,2.615541
8071,Moderate_Acid,0.402,0.983,0.5,0.907,2.47,5.02,2.973839
8078,Moderate_Acid,0.402,0.983,0.5,0.907,2.47,5.02,3.043238
8085,Moderate_Acid,0.37,0.983,0.5,0.907,2.47,5.02,2.854443
8092,Moderate_Acid,0.442,0.983,0.5,0.907,2.47,5.02,3.072449
8099,Strong_Acid,0.442,0.983,0.5,0.907,2.47,5.02,3.077265
8106,Moderate_Acid,0.37,0.983,0.5,0.907,2.47,5.02,3.193865
8113,Strong_Acid,0.442,0.983,0.5,0.907,2.47,5.02,3.410866
8120,Moderate_Acid,0.402,0.983,0.5,0.907,2.47,5.02,2.716772
8127,Moderate_Acid,0.402,0.983,0.5,0.907,2.47,5.02,2.393162
8134,Strong_Acid,0.442,0.983,0.5,0.907,2.47,5.02,3.060345
8141,Moderate_Acid,0.442,0.983,0.5,0.907,2.47,5.02,3.223897
8148,Moderate_Acid,0.402,0.983,0.5,0.907,2.47,5.02,2.693612
8155,Moderate_Acid,0.237,0.983,0.5,0.907,2.47,5.02,1.988269
8162,Moderate_Acid,0.275,0.983,0.5,0.907,2.47,5.02,2.42255
8169,Moderate_Acid,0.237,0.983,0.5,0.907,2.47,5.02,1.954342
8176,Moderate_Acid,0.275,0.983,0.5,0.907,2.47,5.02,2.210377
8183,Moderate_Acid,0.326,0.983,0.5,0.907,2.47,5.02,1.892782
8190,Moderate_Acid,0.37,0.983,0.5,0.907,2.47,5.02,2.939445
8197,Moderate_Acid,0.275,0.983,0.5,0.907,2.47,5.02,2.378334
8204,Strong_Acid,0.65,0.983,0.5,0.907,2.47,5.02,4.75143
8211,Moderate_Acid,0.049,0.983,0.5,0.907,2.47,5.02,0.4238177
8218,Moderate_Acid,0.108,0.983,0.5,0.907,2.47,5.02,0.9692379
8225,Moderate_Acid,0.159,0.983,0.5,0.907,2.47,5.02,1.593122
8232,Moderate_Acid,0.402,0.983,0.5,0.907,2.47,5.02,2.507503
8239,Moderate_Acid,0.37,0.983,0.5,0.907,2.47,5.02,2.283506
8246,Moderate_Acid,0.275,0.983,0.5,0.907,2.47,5.02,1.91696
8253,Moderate_Acid,0.275,0.983,0.5,0.907,2.47,5.02,2.044395
8260,Moderate_Acid,0.159,0.983,0.5,0.907,2.47,5.02,1.24467
8267,Moderate_Acid,0.237,0.983,0.5,0.907,2.47,5.02,1.847764
8274,Neutral,,,,,,,
8281,Moderate_Acid,0.049,0.983,0.5,0.907,2.47,5.02,0.4455099
8288,Moderate_Acid,0.275,0.983,0.5,0.907,2.47,5.02,1.990188
8295,Moderate_Acid,0.049,0.983,0.5,0.907,2.47,5.02,0.4597249
8302,Moderate_Acid,0.159,0.983,0.5,0.907,2.47,5.02,1.251943
8309,Moderate_Acid,0.049,0.983,0.5,0.907,2.47,5.02,0.4553923
8316,Moderate_Acid,0.108,0.983,0.5,0.907,2.47,5.02,0.8481059
8323,Neutral,,,,,,,
8330,Moderate_Acid,0.326,0.983,0.5,0.907,2.47,5.02,1.885397
8337,Moderate_Acid,0.275,0.983,0.5,0.907,2.47,5.02,1.807965
8344,Moderate_Acid,0.326,0.983,0.5,0.907,2.47,5.02,2.087524
8351,Moderate_Acid,0.275,0.983,0.5,0.907,2.47,5.02,1.80492
8358,Moderate_Acid,0.275,0.983,0.5,0.907,2.47,5.02,1.751002
8365,Moderate_Acid,0.205,0.983,0.5,0.907,2.47,5.02,1.697221
8372,Moderate_Acid,0.205,0.983,0.5,0.907,2.47,5.02,1.613564
8379,Moderate_Acid,0.275,0.983,0.5,0.907,2.47,5.02,2.001636
8386,Moderate_Acid,0.326,0.983,0.5,0.907,2.47,5.02,1.989036
8393,Moderate_Acid,0.237,0.983,0.5,0.907,2.47,5.02,1.846812
8400,Moderate_Acid,0.402,0.983,0.5,0.907,2.47,5.02,2.556816
8407,Moderate_Acid,0.402,0.983,0.5,0.907,2.47,5.02,2.414465
8414,Moderate_Acid,0.402,0.983,0.5,0.907,2.47,5.02,2.478374
8421,Moderate_Acid,0.37,0.983,0.5,0.907,2.47,5.02,2.163095
8428,Moderate_Acid,0.37,0.983,0.5,0.907,2.47,5.02,2.226607
8435,Moderate_Acid,0.326,0.983,0.5,0.907,2.47,5.02,2.238729
8442,Moderate_Acid,0.237,0.983,0.5,0.907,2.47,5.02,1.797825
8449,Moderate_Acid,0.275,0.983,0.5,0.907,2.47,5.02,1.90297
8456,Moderate_Acid,0.275,0.983,0.5,0.907,2.47,5.02,1.647183
8463,Moderate_Acid,0.326,0.983,0.5,0.907,2.47,5.02,1.865317
8470,Moderate_Acid,0.275,0.983,0.5,0.907,2.47,5.02,1.561954
8477,Moderate_Acid,0.275,0.983,0.5,0.907,2.47,5.02,1.644959
8484,Moderate_Acid,0.237,0.983,0.5,0.907,2.47,5.02,1.616302
8491,Moderate_Acid,0.275,0.983,0.5,0.907,2.47,5.02,1.758494
8498,Moderate_Acid,0.402,0.983,0.5,0.907,2.47,5.02,2.852563
8505,Moderate_Acid,0.37,0.983,0.5,0.907,2.47,5.02,2.3547
8512,Moderate_Acid,0.275,0.983,0.5,0.907,2.47,5.02,2.32646
8519,Moderate_Acid,0.402,0.983,0.5,0.907,2.47,5.02,2.464313
8526,Moderate_Acid,0.275,0.983,0.5,0.907,2.47,5.02,1.989517
8533,Moderate_Acid,0.237,0.983,0.5,0.907,2.47,5.02,1.550432
8540,Moderate_Acid,0.205,0.983,0.5,0.907,2.47,5.02,1.552509
8547,Moderate_Acid,0.049,0.983,0.5,0.907,2.47,5.02,0.3739751
8554,Moderate_Acid,0.205,0.983,0.5,0.907,2.47,5.02,1.643202
8561,Moderate_Acid,0.275,0.983,0.5,0.907,2.47,5.02,2.279966
8568,Neutral,,,,,,,
8575,Moderate_Acid,0.275,0.983,0.5,0.907,2.47,5.02,1.718025
8582,Moderate_Acid,0.108,0.983,0.5,0.907,2.47,5.02,0.8432946
8589,Moderate_Acid,0.237,0.983,0.5,0.907,2.47,5.02,1.709485
8596,Moderate_Acid,0.237,0.983,0.5,0.907,2.47,5.02,1.607283
8603,Moderate_Acid,0.275,0.983,0.5,0.907,2.47,5.02,2.093944
8610,Moderate_Acid,0.237,0.983,0.5,0.907,2.47,5.02,1.836996
8617,Moderate_Acid,0.159,0.983,0.5,0.907,2.47,5.02,1.502241
8624,Moderate_Acid,0.326,0.983,0.5,0.907,2.47,5.02,1.886892
8631,Moderate_Acid,0.275,0.983,0.5,0.907,2.47,5.02,1.755642
8638,Moderate_Acid,0.237,0.983,0.5,0.907,2.47,5.02,1.507004
8645,Moderate_Acid,0.275,0.983,0.5,0.907,2.47,5.02,1.981179
8652,Moderate_Acid,0.049,0.983,0.5,0.907,2.47,5.02,0.3758478
8659,Moderate_Acid,0.37,0.983,0.5,0.907,2.47,5.02,2.62151
8666,Moderate_Acid,0.326,0.983,0.5,0.907,2.47,5.02,1.952215
8673,Moderate_Acid,0.326,0.983,0.5,0.907,2.47,5.02,2.355419
8680,Moderate_Acid,0.402,0.983,0.5,0.907,2.47,5.02,3.005955
8687,Moderate_Acid,0.326,0.983,0.5,0.907,2.47,5.02,2.271974
8694,Moderate_Acid,0.237,0.983,0.5,0.907,2.47,5.02,2.002263
8701,Moderate_Acid,0.275,0.983,0.5,0.907,2.47,5.02,2.000793
8708,Moderate_Acid,0.275,0.983,0.5,0.907,2.47,5.02,2.157304
8715,Moderate_Acid,0.326,0.983,0.5,0.907,2.47,5.02,2.394425
8722,Moderate_Acid,0.159,0.983,0.5,0.907,2.47,5.02,1.725631
8729,Moderate_Acid,0.326,0.983,0.5,0.907,2.47,5.02,2.243071
8736,Moderate_Acid,0.237,0.983,0.5,0.907,2.47,5.02,1.885134
8743,Moderate_Acid,0.326,0.983,0.5,0.907,2.47,5.02,2.004267
8750,Moderate_Acid,0.326,0.983,0.5,0.907,2.47,5.02,2.16816
8757,Moderate_Acid,0.37,0.983,0.5,0.907,2.47,5.02,2.805286
8764,Moderate_Acid,0.402,0.983,0.5,0.907,2.47,5.02,2.526525
8771,Moderate_Acid,0.326,0.983,0.5,0.907,2.47,5.02,1.892155
8778,Moderate_Acid,0.326,0.983,0.5,0.907,2.47,5.02,2.25943
8785,Moderate_Acid,0.275,0.983,0.5,0.907,2.47,5.02,1.988816
8792,Moderate_Acid,0.237,0.983,0.5,0.907,2.47,5.02,1.564728
8799,Moderate_Acid,0.37,0.983,0.5,0.907,2.47,5.02,2.186002
8806,Moderate_Acid,0.326,0.983,0.5,0.907,2.47,5.02,2.245101
8813,Moderate_Acid,0.326,0.983,0.5,0.907,2.47,5.02,2.003186
8820,Moderate_Acid,0.37,0.983,0.5,0.907,2.47,5.02,2.30993
8827,Moderate_Acid,0.275,0.983,0.5,0.907,2.47,5.02,2.004561
8834,Moderate_Acid,0.275,0.983,0.5,0.907,2.47,5.02,1.924834
8841,Moderate_Acid,0.326,0.983,0.5,0.907,2.47,5.02,2.470925
8848,Moderate_Acid,0.326,0.983,0.5,0.907,2.47,5.02,2.206999
8855,Moderate_Acid,0.326,0.983,0.5,0.907,2.47,5.02,2.228383
8862,Moderate_Acid,0.275,0.983,0.5,0.907,2.47,5.02,1.757581
8869,Moderate_Acid,0.326,0.983,0.5,0.907,2.47,5.02,1.95648
8876,Moderate_Acid,0.326,0.983,0.5,0.907,2.47,5.02,2.152703
8883,Moderate_Acid,0.205,0.983,0.5,0.907,2.47,5.02,1.548157
8890,Moderate_Acid,0.275,0.983,0.5,0.907,2.47,5.02,2.163957
8897,Moderate_Acid,0.402,0.983,0.5,0.907,2.47,5.02,2.447841
8904,Moderate_Acid,0.37,0.983,0.5,0.907,2.47,5.02,2.096991
8911,Moderate_Acid,0.37,0.983,0.5,0.907,2.47,5.02,2.284881
8918,Moderate_Acid,0.37,0.983,0.5,0.907,2.47,5.02,2.471707
8925,Moderate_Acid,0.326,0.983,0.5,0.907,2.47,5.02,1.981465
8932,Neutral,,,,,,,
8939,Moderate_Acid,0.326,0.983,0.5,0.907,2.47,5.02,1.980936
8946,Moderate_Acid,0.275,0.983,0.5,0.907,2.47,5.02,1.906657
8953,Moderate_Acid,0.326,0.983,0.5,0.907,2.47,5.02,2.151135
8960,Moderate_Acid,0.159,0.983,0.5,0.907,2.47,5.02,1.182863
8967,Moderate_Acid,0.205,0.983,0.5,0.907,2.47,5.02,1.583422
8974,Moderate_Acid,0.159,0.983,0.5,0.907,2.47,5.02,1.174776
8981,Moderate_Acid,0.37,0.983,0.5,0.907,2.47,5.02,2.498475
8988,Moderate_Acid,0.37,0.983,0.5,0.907,2.47,5.02,2.702527
8995,Moderate_Acid,0.275,0.983,0.5,0.907,2.47,5.02,2.212097
9002,Moderate_Acid,0.37,0.983,0.5,0.907,2.47,5.02,2.512662
9009,Moderate_Acid,0.326,0.983,0.5,0.907,2.47,5.02,2.244092
9016,Moderate_Acid,0.326,0.983,0.5,0.907,2.47,5.02,2.02302
9023,Moderate_Acid,0.326,0.983,0.5,0.907,2.47,5.02,2.065202
9030,Moderate_Acid,0.275,0.983,0.5,0.907,2.47,5.02,2.048651
9037,Moderate_Acid,0.275,0.983,0.5,0.907,2.47,5.02,1.837479
9044,Moderate_Acid,0.37,0.983,0.5,0.907,2.47,5.02,2.479559
9051,Moderate_Acid,0.326,0.983,0.5,0.907,2.47,5.02,2.209155
9058,Moderate_Acid,0.37,0.983,0.5,0.907,2.47,5.02,2.73167
9065,Moderate_Acid,0.275,0.983,0.5,0.907,2.47,5.02,1.921926
9072,Moderate_Acid,0.275,0.983,0.5,0.907,2.47,5.02,1.918072
9079,Moderate_Acid,0.275,0.983,0.5,0.907,2.47,5.02,1.93381
9086,Moderate_Acid,0.205,0.983,0.5,0.907,2.47,5.02,1.136397
9093,Moderate_Acid,0.326,0.983,0.5,0.907,2.47,5.02,2.004399
9100,Moderate_Acid,0.326,0.983,0.5,0.907,2.47,5.02,2.389488
9107,Moderate_Acid,0.205,0.983,0.5,0.907,2.47,5.02,1.698908
9114,Moderate_Acid,0.275,0.983,0.5,0.907,2.47,5.02,2.186577
9121,Moderate_Acid,0.37,0.983,0.5,0.907,2.47,5.02,2.795233
9128,Moderate_Acid,0.402,0.983,0.5,0.907,2.47,5.02,3.186204
9135,Moderate_Acid,0.275,0.983,0.5,0.907,2.47,5.02,2.643612
9142,Moderate_Acid,0.402,0.983,0.5,0.907,2.47,5.02,3.061909
9149,Moderate_Acid,0.402,0.983,0.5,0.907,2.47,5.02,3.414062
9156,Moderate_Acid,0.37,0.983,0.5,0.907,2.47,5.02,2.886365
9163,Moderate_Acid,0.402,0.983,0.5,0.907,2.47,5.02,2.97509
9170,Moderate_Acid,0.37,0.983,0.5,0.907,2.47,5.02,2.862406
9177,Moderate_Acid,0.275,0.983,0.5,0.907,2.47,5.02,2.309101
9184,Moderate_Acid,0.275,0.983,0.5,0.907,2.47,5.02,2.246896
9191,Moderate_Acid,0.237,0.983,0.5,0.907,2.47,5.02,1.819451
9198,Moderate_Acid,0.402,0.983,0.5,0.907,2.47,5.02,2.887762
9205,Moderate_Acid,0.402,0.983,0.5,0.907,2.47,5.02,2.978782
9212,Moderate_Acid,0.402,0.983,0.5,0.907,2.47,5.02,2.854398
9219,Moderate_Acid,0.402,0.983,0.5,0.907,2.47,5.02,3.104344
9226,Moderate_Acid,0.326,0.983,0.5,0.907,2.47,5.02,2.282229
9233,Moderate_Acid,0.275,0.983,0.5,0.907,2.47,5.02,1.886865
9240,Moderate_Acid,0.37,0.983,0.5,0.907,2.47,5.02,2.949794
9247,Moderate_Acid,0.326,0.983,0.5,0.907,2.47,5.02,2.431199
9254,Moderate_Acid,0.205,0.983,0.5,0.907,2.47,5.02,1.879177
9261,Moderate_Acid,0.326,0.983,0.5,0.907,2.47,5.02,2.690934
9268,Moderate_Acid,0.326,0.983,0.5,0.907,2.47,5.02,2.839804
9275,Moderate_Acid,0.326,0.983,0.5,0.907,2.47,5.02,2.622875
9282,Moderate_Acid,0.37,0.983,0.5,0.907,2.47,5.02,3.119769
9289,Moderate_Acid,0.326,0.983,0.5,0.907,2.47,5.02,2.521476
9296,Moderate_Acid,0.37,0.983,0.5,0.907,2.47,5.02,2.482896
9303,Moderate_Acid,0.442,0.983,0.5,0.907,2.47,5.02,2.791666
9310,Strong_Acid,0.574,0.983,0.5,0.907,2.47,5.02,3.295398
9317,Moderate_Acid,0.402,0.983,0.5,0.907,2.47,5.02,2.716497
9324,Moderate_Acid,0.37,0.983,0.5,0.907,2.47,5.02,2.628994
9331,Moderate_Acid,0.326,0.983,0.5,0.907,2.47,5.02,2.079927
9338,Moderate_Acid,0.37,0.983,0.5,0.907,2.47,5.02,2.327666
9345,Moderate_Acid,0.205,0.983,0.5,0.907,2.47,5.02,1.491844
9352,Moderate_Acid,0.37,0.983,0.5,0.907,2.47,5.02,2.392731
9359,Strong_Acid,0.442,0.983,0.5,0.907,2.47,5.02,2.43586
9366,Moderate_Acid,0.237,0.983,0.5,0.907,2.47,5.02,1.681811
9373,Moderate_Acid,0.205,0.983,0.5,0.907,2.47,5.02,1.509745
9380,Moderate_Acid,0.37,0.983,0.5,0.907,2.47,5.02,2.072546
9387,Moderate_Acid,0.205,0.983,0.5,0.907,2.47,5.02,1.511257
9394,Moderate_Acid,0.326,0.983,0.5,0.907,2.47,5.02,2.277462
9401,Moderate_Acid,0.205,0.983,0.5,0.907,2.47,5.02,1.500094
9408,Moderate_Acid,0.159,0.983,0.5,0.907,2.47,5.02,1.337187
9415,Neutral,,,,,,,
9422,Moderate_Acid,0.049,0.983,0.5,0.907,2.47,5.02,0.421084
9429,Neutral,,,,,,,
9436,Moderate_Acid,0.326,0.983,0.5,0.907,2.47,5.02,1.898481
9443,Moderate_Acid,0.326,0.983,0.5,0.907,2.47,5.02,2.025807
9450,Moderate_Acid,0.275,0.983,0.5,0.907,2.47,5.02,2.012556
9457,Moderate_Acid,0.326,0.983,0.5,0.907,2.47,5.02,1.852002
9464,Moderate_Acid,0.159,0.983,0.5,0.907,2.47,5.02,1.422578
9471,Moderate_Acid,0.205,0.983,0.5,0.907,2.47,5.02,1.63449
9478,Moderate_Acid,0.37,0.983,0.5,0.907,2.47,5.02,2.535375
9485,Moderate_Acid,0.237,0.983,0.5,0.907,2.47,5.02,1.59202
9492,Moderate_Acid,0.237,0.983,0.5,0.907,2.47,5.02,1.411074
9499,Moderate_Acid,0.237,0.983,0.5,0.907,2.47,5.02,1.707875
9506,Moderate_Acid,0.326,0.983,0.5,0.907,2.47,5.02,2.465442
9513,Moderate_Acid,0.326,0.983,0.5,0.907,2.47,5.02,2.313347
9520,Moderate_Acid,0.275,0.983,0.5,0.907,2.47,5.02,2.119555
9527,Moderate_Acid,0.326,0.983,0.5,0.907,2.47,5.02,2.069784
9534,Moderate_Acid,0.326,0.983,0.5,0.907,2.47,5.02,1.947757
9541,Moderate_Acid,0.326,0.983,0.5,0.907,2.47,5.02,2.088753
9548,Moderate_Acid,0.326,0.983,0.5,0.907,2.47,5.02,2.335508
9555,Moderate_Acid,0.108,0.983,0.5,0.907,2.47,5.02,1.022348
9562,Moderate_Acid,0.205,0.983,0.5,0.907,2.47,5.02,1.604349
9569,Moderate_Acid,0.108,0.983,0.5,0.907,2.47,5.02,0.9806319
9576,Moderate_Acid,0.205,0.983,0.5,0.907,2.47,5.02,1.495098
9583,Moderate_Acid,0.159,0.983,0.5,0.907,2.47,5.02,1.185769
9590,Neutral,,,,,,,
9597,Moderate_Acid,0.205,0.983,0.5,0.907,2.47,5.02,1.656386
9604,Neutral,,,,,,,
9611,Moderate_Acid,0.049,0.983,0.5,0.907,2.47,5.02,0.3686917
9618,Moderate_Acid,0.108,0.983,0.5,0.907,2.47,5.02,1.005818
9625,Moderate_Acid,0.326,0.983,0.5,0.907,2.47,5.02,2.269808
9632,Moderate_Acid,0.37,0.983,0.5,0.907,2.47,5.02,2.535648
9639,Moderate_Acid,0.37,0.983,0.5,0.907,2.47,5.02,2.6397
9646,Moderate_Acid,0.37,0.983,0.5,0.907,2.47,5.02,2.876404
9653,Moderate_Acid,0.442,0.983,0.5,0.907,2.47,5.02,3.171373
9660,Strong_Acid,0.5,0.983,0.5,0.907,2.47,5.02,3.490509
9667,Moderate_Acid,0.37,0.983,0.5,0.907,2.47,5.02,2.400711
9674,Moderate_Acid,0.37,0.983,0.5,0.907,2.47,5.02,2.431389
9681,Moderate_Acid,0.442,0.983,0.5,0.907,2.47,5.02,3.235695
9688,Moderate_Acid,0.237,0.983,0.5,0.907,2.47,5.02,1.746123
9695,Moderate_Acid,0.159,0.983,0.5,0.907,2.47,5.02,1.015031
9702,Moderate_Acid,0.275,0.983,0.5,0.907,2.47,5.02,1.88082
9709,Moderate_Acid,0.237,0.983,0.5,0.907,2.47,5.02,2.147648
9716,Moderate_Acid,0.37,0.983,0.5,0.907,2.47,5.02,2.292684
9723,Moderate_Acid,0.37,0.983,0.5,0.907,2.47,5.02,2.551547
9730,Moderate_Alkaline,,,,,,,
9737,Moderate_Acid,0.159,0.983,0.5,0.907,2.47,5.02,1.082168
9744,Moderate_Alkaline,,,,,,,
9751,Moderate_Acid,0.159,0.983,0.5,0.907,2.47,5.02,1.229155
9758,Moderate_Acid,0,0.983,0.5,0.907,2.47,5.02,0
9765,Moderate_Acid,0,0.983,0.5,0.907,2.47,5.02,0
9772,Moderate_Acid,0,0.983,0.5,0.907,2.47,5.02,0
9779,Strong_Acid,0.5,0.983,0.5,0.907,2.47,5.02,3.084239
9786,Strong_Acid,0.5,0.983,0.5,0.907,2.47,5.02,3.300451
9793,Strong_Acid,0.574,0.983,0.5,0.907,2.47,5.02,3.895002
9800,Moderate_Acid,0.402,0.983,0.5,0.907,2.47,5.02,2.677054
9807,Strong_Acid,0.574,0.983,0.5,0.907,2.47,5.02,3.818343
9814,Strong_Acid,0.624,0.983,0.5,0.907,2.47,5.02,4.23366
9821,Strong_Acid,0.624,0.983,0.5,0.907,2.47,5.02,4.326794
9828,Strong_Acid,0.624,0.983,0.5,0.907,2.47,5.02,4.425487
9835,Strong_Acid,0.442,0.983,0.5,0.907,2.47,5.02,3.046278
9842,Moderate_Acid,0.205,0.983,0.5,0.907,2.47,5.02,1.651454
9849,Moderate_Acid,0.205,0.983,0.5,0.907,2.47,5.02,1.683502
9856,Moderate_Acid,0.159,0.983,0.5,0.907,2.47,5.02,1.437438
9863,Moderate_Acid,0.049,0.983,0.5,0.907,2.47,5.02,0.4363511
9870,Moderate_Acid,0.237,0.983,0.5,0.907,2.47,5.02,2.330321
9877,Moderate_Acid,0.049,0.983,0.5,0.907,2.47,5.02,0.4451207
9884,Moderate_Acid,0.275,0.983,0.5,0.907,2.47,5.02,1.734316
9891,Moderate_Acid,0.237,0.983,0.5,0.907,2.47,5.02,1.957715
9898,Moderate_Acid,0.205,0.983,0.5,0.907,2.47,5.02,1.598143
9905,Moderate_Acid,0.159,0.983,0.5,0.907,2.47,5.02,1.302957
9912,Strong_Acid,0.442,0.983,0.5,0.907,2.47,5.02,2.667259
9919,Moderate_Acid,0.205,0.983,0.5,0.907,2.47,5.02,1.7971
9926,Moderate_Acid,0.326,0.983,0.5,0.907,2.47,5.02,2.691096
9933,Moderate_Acid,0.275,0.983,0.5,0.907,2.47,5.02,2.264389
9940,Strong_Acid,0.5,0.983,0.5,0.907,2.47,5.02,3.716244
9947,Strong_Acid,0.442,0.983,0.5,0.907,2.47,5.02,3.104909
9954,Strong_Acid,0.5,0.983,0.5,0.907,2.47,5.02,3.566325
9961,Strong_Acid,0.5,0.983,0.5,0.907,2.47,5.02,3.170743
9968,Strong_Acid,0.442,0.983,0.5,0.907,2.47,5.02,3.03314
9975,Strong_Acid,0.574,0.983,0.5,0.907,2.47,5.02,4.10393
9982,Strong_Acid,0.5,0.983,0.5,0.907,2.47,5.02,3.447546
9989,Moderate_Acid,0.326,0.983,0.5,0.907,2.47,5.02,2.448915
9996,Strong_Acid,0.5,0.983,0.5,0.907,2.47,5.02,3.43272
10003,Moderate_Acid,0.442,0.983,0.5,0.907,2.47,5.02,3.100033
10010,Moderate_Acid,0.442,0.983,0.5,0.907,2.47,5.02,2.899132
10017,Strong_Acid,0.442,0.983,0.5,0.907,2.47,5.02,2.653809
10024,Moderate_Acid,0.402,0.983,0.5,0.907,2.47,5.02,2.537934
10031,Moderate_Acid,0.37,0.983,0.5,0.907,2.47,5.02,2.506644
10038,Strong_Acid,0.442,0.983,0.5,0.907,2.47,5.02,2.852429
10045,Moderate_Acid,0.402,0.983,0.5,0.907,2.47,5.02,2.861547
10052,Moderate_Acid,0.326,0.983,0.5,0.907,2.47,5.02,2.59614
10059,Moderate_Acid,0.402,0.983,0.5,0.907,2.47,5.02,2.907545
10066,Moderate_Acid,0.275,0.983,0.5,0.907,2.47,5.02,1.702701
10073,Moderate_Acid,0.37,0.983,0.5,0.907,2.47,5.02,2.510364
10080,Moderate_Acid,0.326,0.983,0.5,0.907,2.47,5.02,2.064732
10087,Moderate_Acid,0.275,0.983,0.5,0.907,2.47,5.02,1.93065
10094,Moderate_Acid,0.237,0.983,0.5,0.907,2.47,5.02,1.746073
10101,Moderate_Acid,0.402,0.983,0.5,0.907,2.47,5.02,2.712576
10108,Moderate_Acid,0.37,0.983,0.5,0.907,2.47,5.02,2.465143
10115,Moderate_Acid,0.275,0.983,0.5,0.907,2.47,5.02,2.219424
10122,Moderate_Acid,0.442,0.983,0.5,0.907,2.47,5.02,3.060345
10129,Moderate_Acid,0.237,0.983,0.5,0.907,2.47,5.02,1.867086
10136,Strong_Acid,0.5,0.983,0.5,0.907,2.47,5.02,3.354122
10143,Strong_Acid,0.5,0.983,0.5,0.907,2.47,5.02,3.273928
10150,Strong_Acid,0.5,0.983,0.5,0.907,2.47,5.02,3.289781
10157,Moderate_Acid,0.442,0.983,0.5,0.907,2.47,5.02,2.960874
10164,Moderate_Acid,0.326,0.983,0.5,0.907,2.47,5.02,2.372907
10171,Strong_Acid,0.624,0.983,0.5,0.907,2.47,5.02,4.047081
10178,Moderate_Acid,0.237,0.983,0.5,0.907,2.47,5.02,2.179422
10185,Strong_Acid,0.442,0.983,0.5,0.907,2.47,5.02,3.209246
10192,Moderate_Acid,0.275,0.983,0.5,0.907,2.47,5.02,1.983753
10199,Moderate_Acid,0.37,0.983,0.5,0.907,2.47,5.02,2.499577
10206,Moderate_Acid,0.049,0.983,0.5,0.907,2.47,5.02,0.4334392
10213,Moderate_Acid,0.237,0.983,0.5,0.907,2.47,5.02,1.518179
10220,Moderate_Acid,0.205,0.983,0.5,0.907,2.47,5.02,1.703729
10227,Moderate_Acid,0.108,0.983,0.5,0.907,2.47,5.02,0.8100868
10234,Moderate_Acid,0.108,0.983,0.5,0.907,2.47,5.02,0.8577413
10241,Moderate_Acid,0.159,0.983,0.5,0.907,2.47,5.02,1.299751
10248,Moderate_Acid,0.049,0.983,0.5,0.907,2.47,5.02,0.4286797
10255,Moderate_Acid,0.049,0.983,0.5,0.907,2.47,5.02,0.4558964
10262,Neutral,,,,,,,
10269,Moderate_Acid,0.159,0.983,0.5,0.907,2.47,5.02,1.266419
10276,Moderate_Acid,0.205,0.983,0.5,0.907,2.47,5.02,1.343851
10283,Moderate_Acid,0.108,0.983,0.5,0.907,2.47,5.02,0.7536082
10290,Moderate_Acid,0.237,0.983,0.5,0.907,2.47,5.02,1.683252
10297,Moderate_Acid,0.237,0.983,0.5,0.907,2.47,5.02,1.52354
10304,Moderate_Acid,0.275,0.983,0.5,0.907,2.47,5.02,1.998859
10311,Moderate_Acid,0.205,0.983,0.5,0.907,2.47,5.02,1.467262
10318,Moderate_Acid,0.326,0.983,0.5,0.907,2.47,5.02,2.057939
10325,Moderate_Acid,0.37,0.983,0.5,0.907,2.47,5.02,2.552058
10332,Moderate_Acid,0.237,0.983,0.5,0.907,2.47,5.02,1.751872
10339,Moderate_Acid,0,0.983,0.5,0.907,2.47,5.02,0
10346,Moderate_Acid,0.049,0.983,0.5,0.907,2.47,5.02,0.3368432
10353,Moderate_Acid,0.326,0.983,0.5,0.907,2.47,5.02,2.255279
10360,Moderate_Acid,0.205,0.983,0.5,0.907,2.47,5.02,1.401821
10367,Moderate_Acid,0.159,0.983,0.5,0.907,2.47,5.02,1.131923
10374,Moderate_Acid,0.37,0.983,0.5,0.907,2.47,5.02,2.453781
10381,Moderate_Acid,0.275,0.983,0.5,0.907,2.47,5.02,1.739373
10388,Moderate_Acid,0.205,0.983,0.5,0.907,2.47,5.02,1.294627
10395,Moderate_Acid,0.159,0.983,0.5,0.907,2.47,5.02,0.9791983
10402,Moderate_Acid,0.205,0.983,0.5,0.907,2.47,5.02,1.551304
10409,Moderate_Acid,0.237,0.983,0.5,0.907,2.47,5.02,1.740165
10416,Neutral,,,,,,,
10423,Moderate_Acid,0.326,0.983,0.5,0.907,2.47,5.02,2.453144
10430,Moderate_Acid,0.275,0.983,0.5,0.907,2.47,5.02,2.08079
10437,Moderate_Acid,0.402,0.983,0.5,0.907,2.47,5.02,2.193444
10444,Moderate_Acid,0.37,0.983,0.5,0.907,2.47,5.02,2.266682
10451,Moderate_Acid,0.237,0.983,0.5,0.907,2.47,5.02,1.448094
10458,Moderate_Acid,0.275,0.983,0.5,0.907,2.47,5.02,1.939782
10465,Moderate_Acid,0.108,0.983,0.5,0.907,2.47,5.02,0.9006398
10472,Moderate_Acid,0.326,0.983,0.5,0.907,2.47,5.02,2.503043
10479,Moderate_Acid,0.237,0.983,0.5,0.907,2.47,5.02,1.877934
10486,Moderate_Acid,0.237,0.983,0.5,0.907,2.47,5.02,1.893457
10493,Moderate_Acid,0.326,0.983,0.5,0.907,2.47,5.02,2.538061
10500,Moderate_Acid,0.326,0.983,0.5,0.907,2.47,5.02,2.07076
10507,Moderate_Acid,0.326,0.983,0.5,0.907,2.47,5.02,2.293388
10514,Moderate_Acid,0.275,0.983,0.5,0.907,2.47,5.02,1.674656
10521,Moderate_Acid,0.37,0.983,0.5,0.907,2.47,5.02,2.651258
10528,Moderate_Acid,0.275,0.983,0.5,0.907,2.47,5.02,1.919965
10535,Moderate_Acid,0.237,0.983,0.5,0.907,2.47,5.02,1.639456
10542,Moderate_Acid,0.237,0.983,0.5,0.907,2.47,5.02,2.132638
10549,Moderate_Acid,0.37,0.983,0.5,0.907,2.47,5.02,2.37309
10556,Moderate_Acid,0.275,0.983,0.5,0.907,2.47,5.02,2.037496
10563,Moderate_Acid,0.275,0.983,0.5,0.907,2.47,5.02,2.211024
10570,Moderate_Acid,0.275,0.983,0.5,0.907,2.47,5.02,1.92645
10577,Moderate_Acid,0.275,0.983,0.5,0.907,2.47,5.02,2.238413
10584,Moderate_Acid,0.275,0.983,0.5,0.907,2.47,5.02,2.179318
10591,Moderate_Acid,0.326,0.983,0.5,0.907,2.47,5.02,2.47734
10598,Moderate_Acid,0.275,0.983,0.5,0.907,2.47,5.02,2.228334
10605,Moderate_Acid,0.275,0.983,0.5,0.907,2.47,5.02,2.158789
10612,Moderate_Acid,0.442,0.983,0.5,0.907,2.47,5.02,2.805481
10619,Moderate_Acid,0.275,0.983,0.5,0.907,2.47,5.02,1.966411
10626,Moderate_Acid,0.37,0.983,0.5,0.907,2.47,5.02,2.633543
10633,Strong_Acid,0.5,0.983,0.5,0.907,2.47,5.02,2.980716
10640,Moderate_Acid,0.326,0.983,0.5,0.907,2.47,5.02,2.222122
10647,Moderate_Acid,0.326,0.983,0.5,0.907,2.47,5.02,2.993414
10654,Moderate_Acid,0.326,0.983,0.5,0.907,2.47,5.02,2.360701
10661,Moderate_Acid,0.326,0.983,0.5,0.907,2.47,5.02,2.600033
10668,Moderate_Acid,0.326,0.983,0.5,0.907,2.47,5.02,2.263371
10675,Moderate_Acid,0.326,0.983,0.5,0.907,2.47,5.02,2.792388
10682,Moderate_Acid,0.326,0.983,0.5,0.907,2.47,5.02,2.27478
10689,Moderate_Acid,0.326,0.983,0.5,0.907,2.47,5.02,2.47887
10696,Moderate_Acid,0.442,0.983,0.5,0.907,2.47,5.02,3.043912
10703,Moderate_Acid,0.326,0.983,0.5,0.907,2.47,5.02,2.383811
10710,Moderate_Acid,0.442,0.983,0.5,0.907,2.47,5.02,2.837054
10717,Moderate_Acid,0.442,0.983,0.5,0.907,2.47,5.02,3.173024
10724,Moderate_Acid,0.402,0.983,0.5,0.907,2.47,5.02,2.759907
10731,Moderate_Acid,0.402,0.983,0.5,0.907,2.47,5.02,2.721035
10738,Moderate_Acid,0.402,0.983,0.5,0.907,2.47,5.02,2.585392
10745,Moderate_Acid,0.442,0.983,0.5,0.907,2.47,5.02,2.925197
10752,Moderate_Acid,0.275,0.983,0.5,0.907,2.47,5.02,1.991544
10759,Moderate_Acid,0.402,0.983,0.5,0.907,2.47,5.02,3.111763
10766,Moderate_Acid,0.326,0.983,0.5,0.907,2.47,5.02,2.624177
10773,Moderate_Acid,0.402,0.983,0.5,0.907,2.47,5.02,3.340961
10780,Moderate_Acid,0.37,0.983,0.5,0.907,2.47,5.02,2.76864
10787,Moderate_Acid,0.37,0.983,0.5,0.907,2.47,5.02,2.757888
10794,Strong_Acid,0.5,0.983,0.5,0.907,2.47,5.02,3.24421
10801,Strong_Acid,0.442,0.983,0.5,0.907,2.47,5.02,2.786103
10808,Moderate_Acid,0.37,0.983,0.5,0.907,2.47,5.02,2.40781
10815,Moderate_Acid,0.37,0.983,0.5,0.907,2.47,5.02,2.751307
10822,Moderate_Acid,0.402,0.983,0.5,0.907,2.47,5.02,2.93656
10829,Moderate_Acid,0.326,0.983,0.5,0.907,2.47,5.02,2.038375
10836,Moderate_Acid,0.326,0.983,0.5,0.907,2.47,5.02,2.031795
10843,Moderate_Acid,0.326,0.983,0.5,0.907,2.47,5.02,2.405114
10850,Moderate_Acid,0.402,0.983,0.5,0.907,2.47,5.02,2.639577
10857,Moderate_Acid,0.37,0.983,0.5,0.907,2.47,5.02,2.50089
10864,Moderate_Acid,0.326,0.983,0.5,0.907,2.47,5.02,1.941459
10871,Moderate_Acid,0.159,0.983,0.5,0.907,2.47,5.02,1.35182
10878,Moderate_Acid,0.275,0.983,0.5,0.907,2.47,5.02,1.993223
10885,Moderate_Acid,0.37,0.983,0.5,0.907,2.47,5.02,2.278161
10892,Moderate_Acid,0.37,0.983,0.5,0.907,2.47,5.02,2.412575
10899,Moderate_Acid,0.205,0.983,0.5,0.907,2.47,5.02,1.767789
10906,Moderate_Acid,0.326,0.983,0.5,0.907,2.47,5.02,2.091547
10913,Moderate_Acid,0.205,0.983,0.5,0.907,2.47,5.02,1.897056
10920,Moderate_Acid,0.326,0.983,0.5,0.907,2.47,5.02,2.888326
10927,Moderate_Acid,0.326,0.983,0.5,0.907,2.47,5.02,2.0549
10934,Moderate_Acid,0.37,0.983,0.5,0.907,2.47,5.02,3.031345
10941,Moderate_Acid,0.237,0.983,0.5,0.907,2.47,5.02,1.984473
10948,Moderate_Acid,0.205,0.983,0.5,0.907,2.47,5.02,1.852155
10955,Moderate_Acid,0.326,0.983,0.5,0.907,2.47,5.02,2.24773
10962,Moderate_Acid,0.275,0.983,0.5,0.907,2.47,5.02,2.005153
10969,Moderate_Acid,0.326,0.983,0.5,0.907,2.47,5.02,2.131934
10976,Moderate_Acid,0.37,0.983,0.5,0.907,2.47,5.02,2.555993
10983,Moderate_Acid,0.37,0.983,0.5,0.907,2.47,5.02,2.328544
10990,Moderate_Acid,0.275,0.983,0.5,0.907,2.47,5.02,2.079122
10997,Moderate_Acid,0.275,0.983,0.5,0.907,2.47,5.02,1.87048
11004,Moderate_Acid,0.326,0.983,0.5,0.907,2.47,5.02,1.734528
11011,Moderate_Acid,0.326,0.983,0.5,0.907,2.47,5.02,1.820606
11018,Moderate_Acid,0.37,0.983,0.5,0.907,2.47,5.02,2.056413
11025,Moderate_Acid,0.275,0.983,0.5,0.907,2.47,5.02,2.065601
11032,Moderate_Acid,0.275,0.983,0.5,0.907,2.47,5.02,2.180341
11039,Moderate_Acid,0.37,0.983,0.5,0.907,2.47,5.02,2.125861
11046,Moderate_Acid,0.326,0.983,0.5,0.907,2.47,5.02,1.748583
11053,Moderate_Acid,0.326,0.983,0.5,0.907,2.47,5.02,1.780163
11060,Moderate_Acid,0.402,0.983,0.5,0.907,2.47,5.02,2.171333
11067,Moderate_Acid,0.275,0.983,0.5,0.907,2.47,5.02,1.771512
11074,Moderate_Acid,0.37,0.983,0.5,0.907,2.47,5.02,2.045156
11081,Moderate_Acid,0.326,0.983,0.5,0.907,2.47,5.02,1.898604
11088,Moderate_Acid,0.108,0.983,0.5,0.907,2.47,5.02,0.9046386
11095,Neutral,,,,,,,
11102,Moderate_Acid,0.326,0.983,0.5,0.907,2.47,5.02,2.337878
11109,Moderate_Acid,0.326,0.983,0.5,0.907,2.47,5.02,1.912782
11116,Moderate_Acid,0.37,0.983,0.5,0.907,2.47,5.02,2.133673
11123,Moderate_Acid,0.326,0.983,0.5,0.907,2.47,5.02,2.467647
11130,Moderate_Acid,0.237,0.983,0.5,0.907,2.47,5.02,2.282332
11137,Moderate_Acid,0.237,0.983,0.5,0.907,2.47,5.02,2.281723
11144,Moderate_Acid,0.37,0.983,0.5,0.907,2.47,5.02,3.04481
11151,Moderate_Acid,0.37,0.983,0.5,0.907,2.47,5.02,2.545907
11158,Moderate_Acid,0.402,0.983,0.5,0.907,2.47,5.02,2.829012
11165,Moderate_Acid,0.402,0.983,0.5,0.907,2.47,5.02,2.471752
11172,Strong_Acid,0.624,0.983,0.5,0.907,2.47,5.02,4.084062
11179,Moderate_Acid,0.402,0.983,0.5,0.907,2.47,5.02,2.710742
11186,Moderate_Acid,0.402,0.983,0.5,0.907,2.47,5.02,2.518643
11193,Moderate_Acid,0.275,0.983,0.5,0.907,2.47,5.02,2.046813
11200,Moderate_Acid,0.37,0.983,0.5,0.907,2.47,5.02,2.451695
11207,Moderate_Acid,0.326,0.983,0.5,0.907,2.47,5.02,2.051883
11214,Moderate_Acid,0.402,0.983,0.5,0.907,2.47,5.02,2.881503
11221,Moderate_Acid,0.237,0.983,0.5,0.907,2.47,5.02,1.689148
11228,Moderate_Acid,0.205,0.983,0.5,0.907,2.47,5.02,1.677684
11235,Moderate_Acid,0.205,0.983,0.5,0.907,2.47,5.02,1.836522
11242,Moderate_Acid,0.275,0.983,0.5,0.907,2.47,5.02,2.035958
11249,Moderate_Acid,0.237,0.983,0.5,0.907,2.47,5.02,1.718281
11256,Moderate_Acid,0.275,0.983,0.5,0.907,2.47,5.02,2.026945
11263,Moderate_Acid,0.326,0.983,0.5,0.907,2.47,5.02,2.191444
11270,Moderate_Acid,0.237,0.983,0.5,0.907,2.47,5.02,1.724688
11277,Moderate_Acid,0.275,0.983,0.5,0.907,2.47,5.02,1.962834
11284,Moderate_Acid,0.237,0.983,0.5,0.907,2.47,5.02,1.677641
11291,Moderate_Acid,0.159,0.983,0.5,0.907,2.47,5.02,1.606368
11298,Moderate_Acid,0.108,0.983,0.5,0.907,2.47,5.02,0.8329735
11305,Moderate_Acid,0.049,0.983,0.5,0.907,2.47,5.02,0.4144357
11312,Neutral,,,,,,,
11319,Neutral,,,,,,,
11326,Moderate_Acid,0.049,0.983,0.5,0.907,2.47,5.02,0.4904548
11333,Moderate_Acid,0,0.983,0.5,0.907,2.47,5.02,0
11340,Moderate_Acid,0.159,0.983,0.5,0.907,2.47,5.02,1.216664
11347,Moderate_Acid,0.205,0.983,0.5,0.907,2.47,5.02,1.525839
11354,Moderate_Acid,0.108,0.983,0.5,0.907,2.47,5.02,0.7016597
11361,Moderate_Acid,0.326,0.983,0.5,0.907,2.47,5.02,1.929764
11368,Moderate_Acid,0.275,0.983,0.5,0.907,2.47,5.02,1.801887
11375,Neutral,,,,,,,
11382,Moderate_Acid,0.402,0.983,0.5,0.907,2.47,5.02,2.791985
11389,Moderate_Acid,0.159,0.983,0.5,0.907,2.47,5.02,1.21015
11396,Moderate_Acid,0.159,0.983,0.5,0.907,2.47,5.02,1.190613
11403,Moderate_Acid,0.049,0.983,0.5,0.907,2.47,5.02,0.3842343
11410,Moderate_Acid,0.049,0.983,0.5,0.907,2.47,5.02,0.3809817
11417,Moderate_Acid,0.049,0.983,0.5,0.907,2.47,5.02,0.3961504
11424,Moderate_Acid,0.326,0.983,0.5,0.907,2.47,5.02,1.895666
11431,Moderate_Acid,0.37,0.983,0.5,0.907,2.47,5.02,2.230689
11438,Moderate_Acid,0.237,0.983,0.5,0.907,2.47,5.02,1.753778
11445,Moderate_Acid,0.108,0.983,0.5,0.907,2.47,5.02,0.7808129
11452,Moderate_Acid,0.108,0.983,0.5,0.907,2.47,5.02,0.8826543
11459,Moderate_Acid,0.049,0.983,0.5,0.907,2.47,5.02,0.3760763
11466,Strong_Acid,0.665,0.983,0.5,0.907,2.47,5.02,3.927051
11473,Moderate_Acid,0.108,0.983,0.5,0.907,2.47,5.02,0.942331
11480,Moderate_Acid,0.108,0.983,0.5,0.907,2.47,5.02,0.780292
11487,Moderate_Acid,0.108,0.983,0.5,0.907,2.47,5.02,0.8641769
11494,Moderate_Acid,0.049,0.983,0.5,0.907,2.47,5.02,0.4017623
11501,Neutral,,,,,,,
11508,Moderate_Acid,0.108,0.983,0.5,0.907,2.47,5.02,0.872265
11515,Moderate_Acid,0.108,0.983,0.5,0.907,2.47,5.02,0.8740942
11522,Moderate_Acid,0.108,0.983,0.5,0.907,2.47,5.02,0.8277398
11529,Neutral,,,,,,,
11536,Moderate_Acid,0,0.983,0.5,0.907,2.47,5.02,0
11543,Moderate_Acid,0.049,0.983,0.5,0.907,2.47,5.02,0.3860783
11550,Moderate_Acid,0.159,0.983,0.5,0.907,2.47,5.02,1.23646
11557,Neutral,,,,,,,
11564,Moderate_Acid,0.108,0.983,0.5,0.907,2.47,5.02,0.8594355
11571,Moderate_Acid,0,0.983,0.5,0.907,2.47,5.02,0
11578,Moderate_Acid,0.108,0.983,0.5,0.907,2.47,5.02,0.8062449
11585,Moderate_Acid,0.159,0.983,0.5,0.907,2.47,5.02,1.233327
